source,target,synapse_count
37365,2200028,1.0
37365,8111135,2.0
37365,8700125,16.0
37365,9927082,5.0
37365,16087799,2.0
37365,17414715,15.0
2200028,37365,1.0
2200028,2204467,2.0
2200028,8118929,1.0
2200028,8700125,27.0
2200028,9927082,7.0
2200028,16087799,1.0
2200028,17414715,29.0
2204467,2379529,1.0
2204467,3928574,1.0
2204467,3928652,1.0
2204467,4637677,1.0
2204467,4780707,2.0
2204467,7187384,1.0
2204467,7582412,3.0
2204467,8118929,2.0
2204467,9445876,2.0
2204467,9747418,1.0
2204467,9927082,2.0
2204467,11144258,4.0
2204467,12745771,2.0
2204467,16087799,1.0
2204467,16098538,1.0
2204467,17047087,2.0
2206279,8118929,3.0
2206279,8700125,23.0
2206279,9567051,1.0
2206279,9927082,1.0
2206279,16087799,1.0
2206279,17414715,26.0
2209091,2204467,2.0
2209091,7952981,13.0
2209091,8111135,4.0
2209091,8118929,1.0
2209091,8340950,14.0
2209091,8700125,1.0
2209091,9567051,10.0
2209091,9927082,2.0
2209091,9940382,10.0
2209091,16087799,1.0
2209091,17414715,1.0
2215247,8118929,1.0
2215247,8700125,16.0
2215247,17414715,15.0
2215447,2216187,1.0
2215447,7952981,1.0
2215447,8111135,1.0
2215447,8118929,2.0
2215447,8340950,1.0
2215447,8700125,14.0
2215447,9567051,2.0
2215447,9927082,1.0
2215447,16087799,1.0
2215447,17414715,22.0
2215622,2204467,1.0
2215622,7694589,1.0
2215622,8118929,1.0
2215622,8700125,12.0
2215622,16087799,1.0
2215622,17414715,17.0
2216131,2204467,1.0
2216131,8111135,1.0
2216131,8118929,1.0
2216131,8700125,17.0
2216131,9927082,3.0
2216131,16087799,4.0
2216131,17414715,15.0
2216187,2204467,3.0
2216187,7694589,1.0
2216187,7952981,10.0
2216187,8111135,8.0
2216187,8118929,4.0
2216187,8340950,19.0
2216187,8700125,3.0
2216187,9567051,15.0
2216187,9927082,6.0
2216187,9940382,2.0
2216187,16087799,6.0
2216187,17414715,5.0
2216445,2204467,3.0
2216445,8118929,1.0
2216445,8340950,1.0
2216445,8700125,25.0
2216445,9927082,5.0
2216445,16087799,3.0
2216445,17414715,31.0
2379529,9747418,1.0
2379529,14333371,2.0
2379529,14461238,1.0
2379529,14818307,1.0
2379529,17047087,1.0
2439134,4228119,8.0
2439134,4473922,5.0
2439134,5321459,1.0
2439134,5874480,2.0
2439134,5938794,6.0
2439134,5963873,1.0
2439134,7026287,1.0
2439134,8034919,2.0
2439134,8118947,4.0
2439134,9015745,1.0
2439134,9078240,1.0
2439134,9083312,1.0
2439134,9141404,1.0
2439134,9527522,1.0
2439134,9983417,2.0
2439134,11013351,8.0
2439134,11018254,27.0
2439134,11409587,1.0
2439134,11600886,25.0
2439134,11703922,5.0
2439134,12138418,1.0
2439134,12299621,3.0
2439134,12475432,1.0
2439134,13197236,8.0
2439134,13199414,1.0
2439134,14000746,2.0
2439134,14082322,2.0
2439134,14313750,25.0
2439134,14451162,2.0
2439134,14540633,3.0
2439134,15343835,2.0
2439134,15568333,1.0
2439134,15741865,2.0
2439134,15766806,7.0
2439134,16089743,1.0
2439134,16442113,2.0
2439134,16444552,6.0
2439134,16475849,7.0
2439134,16868923,4.0
2439134,17016974,6.0
2439134,17047087,1.0
2439134,18062678,17.0
2568465,2797480,1.0
2568465,3450751,1.0
2568465,4134539,1.0
2568465,4422289,2.0
2568465,4721538,13.0
2568465,5321459,1.0
2568465,5689639,2.0
2568465,8542422,11.0
2568465,10543751,2.0
2568465,10875625,1.0
2568465,11004239,1.0
2568465,11257084,1.0
2568465,12476851,1.0
2568465,14133114,1.0
2568465,14319185,21.0
2568465,16444544,1.0
2568465,16445073,2.0
2797480,4134539,1.0
2797480,5746180,1.0
2797480,5936935,1.0
2797480,6494382,1.0
2797480,7388340,1.0
2797480,8069478,1.0
2797480,8347613,1.0
2797480,9141404,1.0
2797480,9409359,1.0
2797480,10018260,1.0
2797480,10543751,2.0
2797480,10596949,2.0
2797480,10702736,2.0
2797480,10875625,1.0
2797480,11011058,1.0
2797480,11017761,1.0
2797480,11216417,2.0
2797480,11257084,1.0
2797480,11871574,1.0
2797480,14133114,1.0
2797480,14329745,1.0
2797480,14342744,5.0
2797480,14651659,4.0
2797480,14756000,1.0
2797480,16444544,4.0
3450751,2568465,1.0
3450751,2797480,9.0
3450751,4134539,3.0
3450751,4279887,2.0
3450751,4422289,1.0
3450751,5746180,3.0
3450751,6143930,14.0
3450751,6494274,5.0
3450751,7092086,2.0
3450751,8203947,4.0
3450751,8347613,1.0
3450751,8398900,3.0
3450751,8542422,4.0
3450751,9409359,1.0
3450751,10018260,5.0
3450751,10702736,3.0
3450751,10875625,3.0
3450751,11004239,9.0
3450751,11017761,3.0
3450751,11216417,3.0
3450751,11257084,2.0
3450751,11348509,5.0
3450751,11703922,5.0
3450751,12476851,3.0
3450751,12840470,2.0
3450751,13206239,1.0
3450751,14319185,1.0
3450751,14333495,21.0
3450751,14617508,2.0
3450751,15825861,1.0
3450751,16444544,1.0
3450751,16445073,2.0
3450751,16475849,3.0
3450751,18566501,2.0
3486381,4926999,3.0
3486381,5261424,1.0
3486381,5289042,3.0
3486381,6143930,1.0
3486381,6494274,14.0
3486381,6494382,1.0
3486381,8111135,1.0
3486381,8276782,6.0
3486381,8542422,6.0
3486381,9447255,1.0
3486381,11004239,13.0
3486381,11178891,1.0
3486381,11257084,12.0
3486381,11703922,14.0
3486381,12745771,1.0
3486381,12839441,11.0
3486381,12840470,1.0
3486381,13206239,8.0
3486381,14319185,8.0
3486381,14333371,5.0
3486381,14333495,48.0
3486381,15766806,21.0
3486381,16045758,3.0
3486381,17147698,1.0
3538129,3712893,1.0
3538129,4780707,4.0
3538129,5118060,9.0
3538129,5963873,4.0
3538129,6451332,7.0
3538129,6494274,1.0
3538129,8111135,3.0
3538129,8542422,1.0
3538129,9078240,1.0
3538129,9447255,6.0
3538129,10543751,1.0
3538129,10958210,3.0
3538129,11193510,1.0
3538129,11543212,1.0
3538129,11605861,3.0
3538129,12840470,16.0
3538129,16386470,1.0
3538129,16848475,7.0
3712893,2439134,3.0
3712893,3794023,1.0
3712893,4279887,2.0
3712893,4391317,5.0
3712893,4422289,9.0
3712893,4635057,2.0
3712893,5118060,4.0
3712893,5938794,5.0
3712893,6494382,1.0
3712893,7092086,1.0
3712893,7388340,1.0
3712893,8111135,2.0
3712893,8177199,15.0
3712893,8203947,2.0
3712893,8262372,16.0
3712893,8293958,1.0
3712893,8542422,2.0
3712893,10018260,2.0
3712893,10540188,28.0
3712893,10955244,6.0
3712893,10958210,6.0
3712893,11193510,8.0
3712893,11543212,2.0
3712893,11605861,4.0
3712893,12138418,8.0
3712893,12839441,1.0
3712893,12840470,15.0
3712893,12948470,1.0
3712893,13206239,2.0
3712893,14333371,3.0
3712893,14461238,1.0
3712893,14617508,1.0
3712893,15766806,1.0
3712893,15825861,16.0
3712893,16444544,1.0
3712893,16848475,2.0
3712893,17420035,2.0
3712893,18566501,4.0
3794023,2439134,6.0
3794023,3928574,2.0
3794023,3928652,2.0
3794023,3946364,16.0
3794023,5938794,2.0
3794023,10702736,1.0
3794023,12299621,3.0
3794023,14451162,1.0
3794023,16045758,1.0
3946364,7388340,1.0
3946364,9015745,7.0
3946364,11013351,2.0
3946364,11409587,4.0
3946364,13197236,1.0
3946364,14000746,2.0
3946364,15568333,1.0
3946364,16089743,1.0
3946364,17176767,15.0
4134539,5321459,1.0
4134539,5874480,1.0
4134539,7187384,3.0
4134539,8262372,7.0
4134539,11017761,10.0
4134539,11409587,1.0
4134539,13197236,1.0
4134539,14082322,12.0
4134539,14540633,2.0
4134539,16444552,2.0
4134539,17016974,12.0
4134539,17147698,6.0
4228119,2439134,1.0
4228119,4391317,3.0
4228119,4473922,8.0
4228119,5874480,1.0
4228119,5963873,1.0
4228119,8034919,1.0
4228119,8118947,3.0
4228119,9078240,1.0
4228119,9141404,4.0
4228119,9787933,1.0
4228119,9983417,1.0
4228119,11018254,11.0
4228119,11257084,2.0
4228119,11600886,19.0
4228119,11703922,7.0
4228119,12138418,1.0
4228119,12299621,1.0
4228119,13197236,2.0
4228119,14000746,2.0
4228119,14082322,6.0
4228119,14313750,11.0
4228119,14540633,11.0
4228119,15343835,3.0
4228119,15741865,12.0
4228119,15825861,3.0
4228119,16089743,2.0
4228119,16386470,2.0
4228119,16442113,3.0
4228119,16444552,3.0
4228119,16475849,5.0
4228119,16823703,1.0
4228119,16868923,3.0
4228119,17013073,1.0
4228119,17016974,5.0
4228119,17047087,1.0
4228119,18062678,19.0
4279887,4635057,5.0
4279887,4926999,6.0
4279887,5118060,1.0
4279887,5289042,5.0
4279887,5938794,3.0
4279887,7187384,1.0
4279887,7582412,1.0
4279887,8118929,1.0
4279887,9445876,10.0
4279887,9747418,8.0
4279887,9927082,1.0
4279887,11144258,1.0
4279887,12745771,1.0
4279887,12948470,3.0
4279887,14461238,1.0
4279887,16098538,11.0
4279887,19611917,2.0
4391317,2439134,1.0
4391317,4228119,1.0
4391317,5874480,3.0
4391317,5938794,2.0
4391317,5963873,1.0
4391317,8034919,10.0
4391317,9015745,1.0
4391317,9078240,1.0
4391317,9141404,2.0
4391317,10543751,1.0
4391317,11013351,1.0
4391317,11018254,14.0
4391317,11600886,32.0
4391317,11703922,3.0
4391317,12138418,6.0
4391317,12299621,1.0
4391317,13197236,1.0
4391317,13206239,1.0
4391317,14000746,4.0
4391317,14313750,32.0
4391317,14451162,2.0
4391317,15343835,1.0
4391317,15741865,1.0
4391317,15766806,2.0
4391317,16089743,3.0
4391317,16442113,1.0
4391317,16868923,3.0
4391317,17013073,1.0
4391317,17016974,8.0
4391317,18062678,21.0
4391317,19271710,1.0
4422289,8069365,2.0
4422289,8069478,2.0
4422289,8177199,9.0
4422289,8203947,6.0
4422289,10018260,6.0
4422289,11011058,2.0
4422289,11216417,7.0
4422289,11257084,2.0
4422289,11605861,2.0
4422289,12138418,2.0
4422289,12839441,1.0
4422289,14617508,2.0
4422289,16444544,1.0
4422289,16445073,1.0
4422289,16978882,3.0
4422289,17334530,1.0
4433960,2568465,1.0
4433960,2797480,5.0
4433960,4422289,2.0
4433960,5118060,1.0
4433960,8203947,3.0
4433960,9409359,5.0
4433960,9589146,1.0
4433960,10540188,1.0
4433960,10875625,4.0
4433960,11216417,1.0
4433960,11257084,1.0
4433960,11543212,1.0
4433960,12840470,7.0
4433960,14333495,1.0
4433960,14818307,6.0
4433960,16445073,1.0
4473922,2439134,1.0
4473922,4228119,3.0
4473922,4391317,3.0
4473922,5874480,1.0
4473922,5938794,1.0
4473922,7026287,4.0
4473922,8118947,2.0
4473922,9527522,1.0
4473922,10543751,2.0
4473922,11013351,1.0
4473922,11018254,10.0
4473922,11600886,26.0
4473922,12475432,1.0
4473922,13197236,2.0
4473922,14000746,3.0
4473922,14133114,5.0
4473922,14313750,14.0
4473922,14540633,8.0
4473922,15741865,1.0
4473922,15825861,1.0
4473922,16089743,1.0
4473922,16442113,1.0
4473922,16444552,1.0
4473922,16868923,1.0
4473922,17013073,3.0
4473922,17016974,7.0
4473922,18062678,24.0
4473922,19271710,1.0
4607160,3946364,3.0
4607160,6597872,1.0
4607160,9015745,1.0
4607160,11018254,6.0
4607160,11600886,18.0
4607160,13197236,2.0
4607160,14000746,20.0
4607160,14313750,2.0
4607160,15741865,1.0
4607160,16089743,3.0
4607160,17016974,17.0
4607160,17176767,1.0
4635057,4279887,3.0
4635057,4607160,1.0
4635057,4636432,3.0
4635057,4780707,1.0
4635057,4926999,7.0
4635057,5118060,1.0
4635057,5289042,4.0
4635057,5938794,1.0
4635057,7187384,13.0
4635057,7582412,1.0
4635057,7582489,15.0
4635057,9445876,7.0
4635057,9927082,1.0
4635057,11144258,4.0
4635057,12745771,18.0
4635057,12948470,5.0
4635057,14333371,3.0
4635057,14818307,1.0
4635057,16089743,1.0
4635057,16098538,2.0
4635057,19611917,7.0
4636432,2379529,1.0
4636432,2439134,2.0
4636432,4391317,2.0
4636432,4422289,1.0
4636432,4635057,10.0
4636432,4637677,2.0
4636432,4926999,3.0
4636432,5118060,1.0
4636432,7582412,1.0
4636432,8704079,1.0
4636432,9445876,3.0
4636432,9447255,2.0
4636432,10958210,5.0
4636432,11193510,6.0
4636432,12745771,1.0
4636432,14333371,2.0
4636432,17420035,2.0
4637677,4780707,1.0
4637677,5938794,1.0
4637677,5963873,1.0
4637677,8069478,3.0
4637677,12840470,1.0
4637677,15343835,2.0
4637677,16386470,1.0
4637677,17047087,8.0
4721538,8069365,7.0
4721538,8203947,8.0
4721538,10018260,8.0
4721538,12138418,3.0
4721538,16444544,3.0
4721538,16445073,3.0
4780707,2439134,1.0
4780707,4391317,1.0
4780707,4422289,8.0
4780707,4636432,2.0
4780707,5874480,1.0
4780707,5938794,1.0
4780707,7582412,1.0
4780707,7952981,1.0
4780707,9078240,1.0
4780707,9445876,1.0
4780707,10958210,3.0
4780707,11144258,1.0
4780707,12299621,5.0
4780707,12840470,2.0
4780707,14461238,4.0
4780707,15343835,1.0
4780707,15766806,2.0
4780707,16089743,1.0
4780707,16098538,5.0
4780707,16442113,1.0
4780707,17244655,2.0
4926999,2439134,6.0
4926999,4391317,3.0
4926999,4422289,1.0
4926999,4635057,4.0
4926999,4637677,3.0
4926999,5118060,1.0
4926999,8262372,3.0
4926999,9445876,1.0
4926999,9747418,2.0
4926999,10958210,4.0
4926999,11193510,3.0
4926999,12138418,1.0
4926999,12948470,1.0
4926999,16089743,4.0
4926999,16442113,2.0
5118060,2204467,1.0
5118060,2439134,1.0
5118060,3538129,1.0
5118060,4279887,1.0
5118060,4391317,1.0
5118060,4780707,1.0
5118060,6143930,3.0
5118060,7582489,1.0
5118060,8700125,2.0
5118060,9078240,4.0
5118060,9747418,1.0
5118060,10955244,2.0
5118060,11004239,1.0
5118060,11123016,2.0
5118060,12745771,2.0
5118060,12948470,1.0
5118060,16045758,2.0
5118060,16848475,3.0
5118060,17013073,1.0
5118060,17244655,1.0
5118060,18566501,2.0
5261424,2379529,1.0
5261424,2439134,2.0
5261424,3928574,4.0
5261424,3928652,2.0
5261424,4279887,1.0
5261424,4391317,1.0
5261424,4637677,2.0
5261424,4780707,6.0
5261424,5874480,1.0
5261424,6494274,2.0
5261424,8347613,1.0
5261424,9445876,1.0
5261424,10955244,1.0
5261424,10958210,1.0
5261424,11703922,1.0
5261424,12299621,7.0
5261424,12840470,2.0
5261424,14461238,1.0
5261424,14818307,2.0
5261424,16442113,1.0
5261424,16848475,2.0
5261424,17420035,1.0
5261424,17962513,1.0
5289042,2379529,1.0
5289042,2439134,13.0
5289042,4279887,1.0
5289042,4391317,2.0
5289042,4422289,2.0
5289042,4635057,3.0
5289042,4637677,1.0
5289042,4926999,3.0
5289042,5118060,2.0
5289042,8262372,4.0
5289042,8293958,4.0
5289042,9747418,2.0
5289042,10540188,4.0
5289042,10958210,3.0
5289042,11193510,11.0
5289042,12138418,1.0
5289042,12476851,1.0
5289042,12745771,2.0
5289042,14461238,1.0
5289042,16089743,9.0
5289042,19611917,1.0
5321459,4433960,1.0
5321459,5874480,1.0
5321459,5938794,1.0
5321459,7026287,2.0
5321459,8542422,2.0
5321459,9015745,1.0
5321459,9141404,4.0
5321459,10018260,2.0
5321459,10702736,2.0
5321459,11013351,1.0
5321459,11018254,1.0
5321459,11409587,1.0
5321459,11600886,3.0
5321459,11703922,1.0
5321459,12475432,2.0
5321459,13197236,3.0
5321459,14082322,19.0
5321459,14333495,1.0
5321459,15343835,18.0
5321459,15568333,2.0
5321459,15741865,7.0
5321459,15766806,2.0
5321459,15825861,3.0
5321459,16386470,2.0
5321459,16475849,14.0
5321459,17047087,1.0
5678582,2797480,1.0
5678582,6494382,4.0
5678582,8069478,4.0
5678582,9409359,3.0
5678582,9447255,1.0
5678582,10018260,1.0
5678582,11257084,1.0
5678582,12839441,1.0
5678582,14319185,1.0
5678582,14333371,2.0
5678582,14333495,6.0
5678582,15343835,11.0
5689639,2797480,1.0
5689639,11011058,1.0
5746180,5689639,2.0
5746180,8203947,5.0
5746180,10875625,2.0
5874480,2439134,3.0
5874480,5321459,1.0
5874480,5938794,1.0
5874480,7026287,1.0
5874480,8034919,2.0
5874480,9078240,4.0
5874480,9083312,3.0
5874480,9527522,3.0
5874480,11013351,6.0
5874480,11018254,12.0
5874480,11600886,2.0
5874480,11703922,4.0
5874480,12299621,2.0
5874480,13197236,4.0
5874480,14000746,3.0
5874480,14313750,7.0
5874480,14540633,6.0
5874480,15741865,1.0
5874480,16089743,2.0
5874480,16386470,1.0
5874480,16442113,1.0
5874480,16444552,5.0
5874480,16475849,4.0
5874480,16823703,3.0
5874480,16868923,2.0
5874480,17013073,1.0
5874480,17016974,3.0
5874480,18062678,13.0
5936935,9083312,2.0
5936935,9409359,1.0
5936935,10596949,2.0
5936935,11017761,2.0
5936935,11871574,9.0
5936935,14651659,1.0
5938794,2439134,4.0
5938794,4391317,4.0
5938794,4473922,1.0
5938794,8034919,2.0
5938794,9078240,2.0
5938794,9141404,6.0
5938794,11013351,1.0
5938794,11017761,6.0
5938794,11018254,19.0
5938794,11600886,20.0
5938794,11703922,2.0
5938794,12138418,4.0
5938794,12299621,1.0
5938794,12475432,2.0
5938794,13197236,3.0
5938794,14000746,3.0
5938794,14082322,2.0
5938794,14313750,25.0
5938794,14540633,2.0
5938794,15343835,1.0
5938794,15741865,1.0
5938794,15766806,3.0
5938794,15825861,1.0
5938794,16089743,2.0
5938794,16386470,1.0
5938794,16442113,1.0
5938794,16444552,1.0
5938794,16475849,4.0
5938794,16823703,1.0
5938794,16868923,11.0
5938794,17016974,21.0
5938794,18062678,7.0
5963873,5321459,2.0
5963873,5874480,5.0
5963873,8034919,1.0
5963873,8118947,1.0
5963873,9083312,2.0
5963873,9141404,2.0
5963873,9409359,2.0
5963873,9527522,5.0
5963873,10543751,2.0
5963873,11013351,3.0
5963873,11017761,1.0
5963873,11018254,14.0
5963873,11257084,1.0
5963873,11600886,7.0
5963873,11703922,1.0
5963873,12138418,1.0
5963873,13197236,20.0
5963873,14000746,24.0
5963873,14082322,2.0
5963873,14313750,3.0
5963873,14540633,2.0
5963873,15343835,4.0
5963873,15741865,22.0
5963873,16386470,8.0
5963873,16442113,2.0
5963873,16475849,1.0
5963873,16823703,1.0
5963873,17016974,8.0
5963873,17047087,2.0
5963873,18062678,6.0
6143930,2379529,1.0
6143930,2568465,11.0
6143930,2797480,3.0
6143930,3450751,4.0
6143930,3486381,1.0
6143930,4134539,6.0
6143930,6451332,1.0
6143930,7582489,1.0
6143930,8276782,5.0
6143930,8542422,3.0
6143930,8704079,2.0
6143930,9589146,3.0
6143930,10702736,1.0
6143930,11018254,1.0
6143930,11123016,1.0
6143930,11178891,1.0
6143930,12336493,1.0
6143930,14756000,1.0
6143930,18644088,1.0
6451332,2439134,2.0
6451332,3538129,3.0
6451332,4422289,2.0
6451332,4607160,2.0
6451332,4636432,2.0
6451332,4780707,4.0
6451332,5118060,8.0
6451332,5874480,1.0
6451332,5963873,5.0
6451332,8111135,3.0
6451332,8542422,2.0
6451332,8704079,2.0
6451332,9447255,1.0
6451332,10543751,3.0
6451332,10955244,3.0
6451332,11144258,1.0
6451332,11605861,2.0
6451332,12840470,14.0
6451332,13206239,7.0
6451332,14333495,1.0
6451332,14818307,1.0
6451332,16386470,1.0
6451332,16442113,1.0
6451332,16848475,2.0
6451332,17244655,2.0
6494274,4780707,3.0
6494274,5118060,2.0
6494274,5874480,1.0
6494274,5938794,7.0
6494274,5963873,4.0
6494274,6494382,1.0
6494274,8069478,5.0
6494274,9447255,1.0
6494274,10958210,1.0
6494274,11348509,2.0
6494274,12476851,1.0
6494274,14451162,1.0
6494274,14818307,3.0
6494274,15343835,8.0
6494274,16098538,2.0
6494274,16442113,3.0
6494274,17047087,1.0
6494382,10018260,1.0
6494382,12299621,2.0
6494382,14319185,1.0
6494382,14818307,1.0
6494382,15343835,1.0
6494382,15766806,2.0
6494382,16978882,1.0
6494382,17047087,6.0
6494382,18566501,1.0
6597872,2439134,3.0
6597872,8034919,1.0
6597872,9083312,1.0
6597872,9848760,4.0
6597872,9983417,1.0
6597872,12475432,6.0
6597872,13199414,1.0
6597872,14451162,2.0
6597872,17176767,2.0
7026287,5321459,1.0
7026287,9083312,1.0
7026287,9848760,1.0
7026287,10702736,1.0
7026287,14000746,1.0
7026287,15741865,1.0
7026287,16475849,1.0
7026287,16978882,1.0
7026287,17016974,2.0
7026287,17047087,1.0
7026287,18062678,2.0
7092086,2797480,8.0
7092086,4134539,7.0
7092086,4279887,1.0
7092086,4422289,3.0
7092086,6143930,6.0
7092086,8177199,1.0
7092086,8203947,1.0
7092086,8262372,3.0
7092086,8340950,3.0
7092086,9447255,1.0
7092086,9747418,2.0
7092086,10540188,1.0
7092086,10543751,1.0
7092086,10955244,1.0
7092086,12138418,2.0
7092086,12336493,1.0
7092086,12476851,2.0
7092086,12745771,3.0
7092086,12839441,1.0
7092086,12840470,1.0
7092086,14133114,1.0
7092086,15825861,4.0
7092086,16444544,4.0
7092086,19611917,2.0
7187384,4134539,2.0
7187384,4635057,1.0
7187384,4926999,1.0
7187384,8262372,14.0
7187384,11017761,2.0
7187384,12475432,10.0
7187384,13199414,1.0
7187384,14082322,21.0
7187384,16868923,19.0
7187384,17016974,4.0
7187384,17147698,6.0
7388340,3946364,1.0
7388340,11017761,2.0
7388340,11329998,12.0
7388340,11409587,3.0
7388340,14000746,1.0
7388340,16089743,3.0
7480731,2204467,1.0
7480731,7694589,2.0
7480731,7952981,9.0
7480731,8111135,13.0
7480731,8118929,3.0
7480731,8340950,18.0
7480731,8700125,4.0
7480731,9567051,13.0
7480731,9927082,4.0
7480731,9940382,5.0
7480731,16087799,4.0
7480731,17414715,1.0
7483922,2204467,1.0
7483922,4721538,1.0
7483922,7952981,12.0
7483922,8111135,10.0
7483922,8340950,17.0
7483922,8700125,2.0
7483922,9567051,12.0
7483922,9927082,1.0
7483922,9940382,13.0
7483922,16087799,1.0
7582412,2439134,13.0
7582412,4279887,1.0
7582412,4391317,3.0
7582412,4422289,2.0
7582412,4637677,3.0
7582412,5118060,8.0
7582412,5874480,1.0
7582412,7952981,1.0
7582412,8177199,6.0
7582412,9445876,3.0
7582412,9447255,1.0
7582412,10540188,1.0
7582412,10958210,3.0
7582412,11193510,2.0
7582412,12476851,1.0
7582412,12840470,1.0
7582412,12948470,1.0
7582412,14333371,2.0
7582412,14461238,6.0
7582412,14818307,1.0
7582412,15825861,2.0
7582412,16087799,1.0
7582412,17420035,19.0
7582412,17962513,1.0
7582412,19611917,1.0
7582489,2439134,1.0
7582489,4391317,1.0
7582489,7026287,3.0
7582489,8034919,1.0
7582489,8118947,2.0
7582489,9083312,1.0
7582489,9141404,20.0
7582489,9409359,2.0
7582489,9445876,1.0
7582489,11017761,2.0
7582489,11018254,29.0
7582489,11600886,44.0
7582489,12138418,1.0
7582489,13199414,1.0
7582489,14000746,4.0
7582489,14313750,15.0
7582489,14451162,1.0
7582489,15741865,4.0
7582489,16089743,1.0
7582489,16442113,1.0
7582489,17016974,16.0
7582489,17047087,1.0
7582489,18062678,18.0
7582489,19271710,1.0
7582489,19611917,2.0
7694589,2204467,2.0
7694589,7952981,6.0
7694589,8111135,2.0
7694589,8118929,1.0
7694589,8177199,2.0
7694589,8340950,1.0
7694589,8700125,9.0
7694589,9567051,1.0
7694589,9940382,2.0
7694589,16087799,1.0
7694589,17414715,2.0
7952981,2204467,3.0
7952981,2439134,13.0
7952981,4279887,1.0
7952981,4391317,2.0
7952981,4422289,2.0
7952981,4780707,3.0
7952981,4926999,1.0
7952981,5118060,4.0
7952981,7694589,2.0
7952981,8111135,2.0
7952981,8177199,1.0
7952981,8262372,5.0
7952981,8340950,1.0
7952981,8398900,2.0
7952981,9567051,1.0
7952981,9747418,4.0
7952981,9927082,2.0
7952981,9983417,1.0
7952981,10955244,4.0
7952981,10958210,4.0
7952981,11144258,3.0
7952981,11193510,3.0
7952981,12138418,2.0
7952981,12840470,1.0
7952981,14461238,3.0
7952981,14818307,1.0
7952981,15825861,4.0
7952981,16045758,1.0
7952981,16087799,2.0
7952981,16089743,2.0
7952981,16098538,12.0
7952981,16848475,1.0
7952981,17244655,4.0
7952981,17420035,2.0
7952981,17962513,1.0
8034919,2439134,5.0
8034919,4228119,2.0
8034919,4391317,1.0
8034919,4473922,1.0
8034919,5321459,2.0
8034919,5874480,1.0
8034919,5938794,2.0
8034919,6597872,1.0
8034919,7026287,4.0
8034919,8118947,1.0
8034919,9015745,1.0
8034919,9078240,2.0
8034919,9083312,10.0
8034919,9141404,1.0
8034919,11013351,5.0
8034919,11018254,14.0
8034919,11409587,2.0
8034919,11600886,1.0
8034919,11703922,2.0
8034919,12138418,2.0
8034919,12299621,2.0
8034919,12475432,1.0
8034919,13197236,11.0
8034919,14000746,1.0
8034919,14313750,13.0
8034919,14540633,4.0
8034919,15343835,2.0
8034919,15741865,5.0
8034919,15825861,1.0
8034919,16089743,4.0
8034919,16475849,21.0
8034919,16823703,15.0
8034919,16868923,1.0
8034919,17013073,4.0
8034919,17047087,1.0
8034919,17176767,1.0
8034919,18062678,11.0
8069365,4422289,3.0
8069365,4721538,5.0
8069365,8177199,2.0
8069365,8203947,12.0
8069365,10018260,9.0
8069365,10540188,2.0
8069365,10596949,1.0
8069365,10875625,7.0
8069365,12138418,2.0
8069365,12476851,1.0
8069365,14461238,1.0
8069365,16444544,2.0
8069365,16445073,4.0
8069365,16978882,1.0
8069478,2797480,2.0
8069478,3712893,1.0
8069478,4637677,2.0
8069478,7582489,1.0
8069478,8203947,1.0
8069478,9015745,1.0
8069478,9409359,4.0
8069478,10018260,2.0
8069478,10702736,4.0
8069478,11004239,1.0
8069478,11257084,6.0
8069478,11329998,1.0
8069478,11348509,1.0
8069478,11543212,1.0
8069478,12476851,2.0
8069478,13199414,1.0
8069478,14319185,5.0
8069478,15343835,4.0
8069478,16978882,5.0
8069478,18566501,1.0
8111135,2204467,5.0
8111135,2439134,1.0
8111135,2797480,2.0
8111135,4422289,7.0
8111135,4607160,1.0
8111135,6494274,1.0
8111135,7092086,1.0
8111135,7582412,1.0
8111135,7694589,1.0
8111135,7952981,8.0
8111135,8069365,1.0
8111135,8118929,3.0
8111135,8203947,1.0
8111135,8262372,9.0
8111135,8293958,1.0
8111135,8340950,4.0
8111135,8398900,6.0
8111135,8700125,4.0
8111135,9447255,1.0
8111135,9567051,17.0
8111135,9927082,5.0
8111135,9940382,3.0
8111135,10955244,3.0
8111135,10958210,1.0
8111135,11144258,1.0
8111135,11348509,1.0
8111135,11543212,1.0
8111135,12138418,14.0
8111135,12476851,1.0
8111135,12745771,1.0
8111135,12840470,1.0
8111135,13206239,1.0
8111135,14319185,1.0
8111135,14617508,4.0
8111135,14818307,5.0
8111135,16087799,10.0
8111135,16098538,1.0
8111135,16444544,1.0
8111135,16445073,2.0
8111135,16848475,1.0
8111135,16978882,2.0
8111135,17147698,1.0
8111135,17334530,2.0
8111135,17414715,1.0
8111135,17420035,2.0
8111135,18566501,1.0
8111135,18644088,1.0
8111135,19611917,2.0
8118929,2204467,1.0
8118929,3946364,1.0
8118929,4637677,2.0
8118929,4780707,1.0
8118929,4926999,1.0
8118929,7187384,1.0
8118929,7582412,2.0
8118929,9445876,3.0
8118929,11144258,6.0
8118929,12745771,1.0
8118929,14461238,3.0
8118929,16087799,3.0
8118929,19611917,2.0
8118947,2439134,1.0
8118947,4473922,2.0
8118947,6597872,1.0
8118947,7026287,3.0
8118947,9083312,6.0
8118947,9409359,1.0
8118947,9527522,1.0
8118947,10702736,2.0
8118947,11011058,2.0
8118947,11018254,1.0
8118947,11329998,1.0
8118947,11600886,1.0
8118947,12475432,11.0
8118947,14133114,1.0
8118947,15741865,1.0
8118947,15825861,3.0
8118947,16475849,6.0
8118947,16823703,1.0
8118947,17096642,1.0
8118947,17176767,3.0
8118947,18062678,1.0
8118947,19271710,1.0
8177199,2204467,3.0
8177199,2439134,1.0
8177199,3486381,1.0
8177199,3712893,1.0
8177199,4279887,5.0
8177199,4391317,1.0
8177199,4635057,1.0
8177199,4780707,2.0
8177199,5118060,2.0
8177199,7480731,1.0
8177199,7582412,3.0
8177199,7694589,2.0
8177199,7952981,1.0
8177199,8111135,3.0
8177199,8262372,3.0
8177199,8293958,3.0
8177199,8340950,2.0
8177199,8398900,5.0
8177199,8542422,1.0
8177199,8700125,14.0
8177199,8884212,6.0
8177199,9445876,1.0
8177199,9567051,1.0
8177199,9747418,1.0
8177199,9940382,1.0
8177199,10540188,5.0
8177199,10955244,2.0
8177199,11144258,3.0
8177199,11543212,3.0
8177199,11703922,2.0
8177199,12138418,4.0
8177199,12336493,4.0
8177199,12476851,1.0
8177199,12839441,4.0
8177199,12840470,2.0
8177199,12948470,1.0
8177199,14333371,1.0
8177199,14333495,1.0
8177199,14461238,8.0
8177199,15825861,1.0
8177199,16045758,2.0
8177199,16087799,1.0
8177199,16444552,5.0
8177199,17244655,1.0
8177199,17414715,8.0
8177199,19611917,1.0
8203947,2797480,1.0
8203947,4433960,2.0
8203947,5118060,1.0
8203947,5746180,6.0
8203947,8069365,1.0
8203947,8069478,3.0
8203947,10543751,1.0
8203947,11004239,1.0
8203947,14319185,1.0
8262372,4134539,3.0
8262372,7187384,9.0
8262372,11017761,15.0
8262372,12475432,10.0
8262372,14082322,12.0
8262372,16868923,18.0
8262372,17016974,9.0
8262372,17147698,4.0
8276782,2797480,6.0
8276782,3450751,3.0
8276782,4422289,4.0
8276782,4433960,5.0
8276782,5261424,1.0
8276782,5963873,1.0
8276782,6143930,5.0
8276782,6494274,2.0
8276782,7388340,1.0
8276782,8069478,1.0
8276782,8203947,7.0
8276782,8293958,1.0
8276782,8340950,2.0
8276782,8542422,30.0
8276782,8704079,2.0
8276782,9409359,23.0
8276782,9447255,2.0
8276782,9567051,3.0
8276782,9589146,5.0
8276782,10018260,2.0
8276782,10540188,3.0
8276782,10543751,2.0
8276782,10702736,10.0
8276782,10875625,19.0
8276782,11004239,3.0
8276782,11123016,3.0
8276782,11216417,2.0
8276782,11257084,8.0
8276782,11543212,1.0
8276782,12138418,1.0
8276782,12476851,10.0
8276782,12839441,1.0
8276782,12840470,4.0
8276782,13206239,2.0
8276782,14133114,10.0
8276782,14319185,12.0
8276782,14333495,3.0
8276782,16444544,5.0
8276782,16445073,5.0
8276782,16848475,1.0
8276782,18644088,1.0
8293958,2439134,28.0
8293958,4279887,4.0
8293958,4391317,11.0
8293958,4422289,5.0
8293958,4636432,2.0
8293958,4637677,4.0
8293958,4780707,19.0
8293958,4926999,1.0
8293958,5118060,15.0
8293958,7582412,11.0
8293958,7582489,1.0
8293958,7952981,1.0
8293958,8111135,1.0
8293958,8177199,1.0
8293958,8262372,1.0
8293958,8398900,2.0
8293958,9445876,1.0
8293958,9747418,15.0
8293958,10540188,4.0
8293958,11123016,7.0
8293958,11193510,1.0
8293958,12138418,3.0
8293958,12336493,1.0
8293958,12948470,2.0
8293958,15825861,2.0
8293958,16442113,4.0
8293958,17420035,6.0
8340950,3450751,2.0
8340950,3712893,1.0
8340950,4422289,9.0
8340950,4607160,2.0
8340950,5118060,1.0
8340950,7092086,3.0
8340950,7952981,2.0
8340950,8111135,3.0
8340950,8177199,1.0
8340950,8203947,5.0
8340950,8262372,8.0
8340950,8293958,2.0
8340950,8542422,1.0
8340950,9447255,2.0
8340950,9567051,12.0
8340950,10018260,2.0
8340950,10540188,4.0
8340950,10875625,5.0
8340950,11178891,1.0
8340950,11257084,1.0
8340950,11348509,1.0
8340950,12138418,10.0
8340950,12476851,2.0
8340950,12745771,2.0
8340950,12839441,2.0
8340950,12840470,2.0
8340950,13206239,1.0
8340950,14319185,5.0
8340950,14461238,1.0
8340950,14818307,1.0
8340950,15343835,1.0
8340950,15825861,3.0
8340950,16098538,1.0
8340950,16444544,2.0
8340950,16848475,1.0
8340950,16978882,1.0
8340950,17147698,1.0
8340950,18566501,5.0
8347613,6494274,1.0
8347613,6494382,4.0
8347613,7388340,5.0
8347613,11348509,2.0
8398900,2204467,1.0
8398900,2439134,1.0
8398900,4422289,1.0
8398900,4721538,1.0
8398900,4780707,1.0
8398900,5118060,1.0
8398900,6494274,2.0
8398900,7952981,21.0
8398900,8111135,14.0
8398900,8118929,1.0
8398900,8177199,1.0
8398900,8203947,1.0
8398900,8262372,2.0
8398900,8293958,1.0
8398900,8340950,8.0
8398900,8700125,1.0
8398900,9567051,14.0
8398900,9747418,1.0
8398900,9927082,2.0
8398900,9940382,2.0
8398900,9983417,1.0
8398900,10958210,4.0
8398900,11123016,1.0
8398900,11193510,1.0
8398900,12138418,1.0
8398900,12840470,2.0
8398900,16087799,2.0
8398900,17244655,3.0
8398900,17414715,1.0
8398900,17420035,2.0
8542422,2379529,1.0
8542422,2797480,1.0
8542422,3450751,2.0
8542422,3486381,11.0
8542422,3538129,2.0
8542422,4636432,1.0
8542422,4721538,1.0
8542422,4780707,3.0
8542422,6451332,2.0
8542422,6494274,1.0
8542422,7952981,1.0
8542422,8398900,5.0
8542422,8704079,4.0
8542422,9447255,1.0
8542422,9567051,3.0
8542422,9589146,1.0
8542422,10018260,1.0
8542422,10540188,2.0
8542422,10875625,1.0
8542422,10958210,2.0
8542422,11004239,4.0
8542422,11257084,1.0
8542422,11348509,1.0
8542422,11703922,2.0
8542422,12476851,5.0
8542422,12839441,1.0
8542422,12840470,9.0
8542422,13206239,6.0
8542422,14319185,2.0
8542422,16848475,3.0
8542422,17147698,2.0
8542422,18566501,5.0
8700125,2204467,8.0
8700125,2215247,1.0
8700125,4721538,1.0
8700125,7694589,16.0
8700125,7952981,8.0
8700125,8111135,31.0
8700125,8118929,9.0
8700125,8177199,1.0
8700125,8340950,1.0
8700125,8398900,14.0
8700125,9567051,30.0
8700125,9927082,3.0
8700125,9940382,2.0
8700125,16087799,3.0
8700125,17414715,20.0
8704079,2797480,2.0
8704079,3450751,2.0
8704079,3486381,1.0
8704079,3538129,3.0
8704079,4422289,6.0
8704079,4607160,3.0
8704079,4780707,11.0
8704079,5118060,7.0
8704079,5963873,3.0
8704079,6143930,1.0
8704079,6494382,1.0
8704079,8111135,2.0
8704079,8203947,2.0
8704079,8276782,3.0
8704079,8293958,1.0
8704079,8542422,2.0
8704079,8884212,2.0
8704079,9078240,2.0
8704079,9447255,3.0
8704079,9567051,1.0
8704079,9589146,1.0
8704079,9983417,1.0
8704079,10018260,3.0
8704079,10875625,1.0
8704079,11004239,1.0
8704079,11216417,1.0
8704079,11257084,2.0
8704079,11348509,2.0
8704079,12476851,2.0
8704079,12840470,16.0
8704079,14133114,1.0
8704079,14319185,1.0
8704079,14333371,4.0
8704079,14818307,8.0
8704079,15825861,3.0
8704079,16442113,4.0
8704079,16444544,1.0
8704079,16445073,3.0
8704079,16868923,1.0
8704079,17962513,6.0
8884212,4721538,1.0
8884212,8111135,1.0
8884212,8177199,2.0
8884212,9447255,1.0
8884212,10018260,3.0
8884212,11004239,1.0
8884212,12299621,2.0
8884212,12839441,1.0
8884212,14333495,1.0
9015745,4228119,1.0
9015745,4607160,3.0
9015745,5321459,1.0
9015745,5874480,1.0
9015745,7026287,4.0
9015745,7582489,3.0
9015745,8034919,1.0
9015745,8069478,1.0
9015745,9083312,5.0
9015745,9141404,1.0
9015745,9409359,3.0
9015745,9527522,4.0
9015745,11013351,5.0
9015745,11017761,4.0
9015745,11018254,4.0
9015745,11257084,1.0
9015745,11329998,1.0
9015745,11348509,1.0
9015745,11409587,2.0
9015745,11600886,6.0
9015745,12138418,1.0
9015745,12475432,2.0
9015745,13197236,3.0
9015745,14000746,1.0
9015745,14313750,1.0
9015745,14319185,1.0
9015745,15343835,1.0
9015745,15568333,1.0
9015745,15766806,1.0
9015745,15825861,1.0
9015745,16386470,1.0
9015745,16475849,9.0
9015745,16978882,2.0
9015745,17016974,1.0
9078240,2439134,1.0
9078240,4228119,2.0
9078240,4473922,1.0
9078240,5874480,1.0
9078240,5938794,2.0
9078240,6597872,1.0
9078240,7026287,1.0
9078240,8034919,4.0
9078240,8118947,1.0
9078240,9083312,6.0
9078240,9409359,1.0
9078240,11013351,1.0
9078240,11017761,3.0
9078240,11018254,11.0
9078240,11409587,1.0
9078240,11600886,1.0
9078240,11703922,1.0
9078240,12138418,1.0
9078240,13197236,2.0
9078240,14313750,8.0
9078240,14540633,2.0
9078240,15568333,1.0
9078240,15741865,3.0
9078240,16442113,1.0
9078240,16444552,1.0
9078240,16475849,24.0
9078240,16823703,6.0
9078240,16868923,2.0
9078240,17013073,2.0
9078240,17016974,3.0
9141404,4433960,3.0
9141404,5321459,5.0
9141404,8118947,1.0
9141404,9083312,2.0
9141404,9409359,3.0
9141404,11011058,2.0
9141404,11013351,1.0
9141404,11018254,6.0
9141404,11257084,1.0
9141404,11600886,2.0
9141404,13197236,2.0
9141404,14313750,4.0
9141404,14342744,6.0
9141404,14540633,3.0
9141404,14617508,1.0
9141404,15766806,1.0
9141404,16445073,1.0
9141404,17047087,1.0
9141404,18062678,2.0
9409359,2797480,3.0
9409359,8276782,1.0
9409359,9141404,1.0
9409359,10702736,4.0
9409359,11017761,6.0
9409359,14329745,5.0
9409359,14342744,26.0
9409359,14617508,3.0
9409359,14651659,12.0
9409359,14756000,1.0
9409359,16445073,4.0
9409359,17334530,3.0
9445876,2379529,1.0
9445876,2439134,4.0
9445876,4279887,8.0
9445876,4391317,7.0
9445876,4635057,4.0
9445876,4636432,1.0
9445876,4637677,1.0
9445876,4926999,2.0
9445876,5938794,1.0
9445876,7187384,4.0
9445876,7582412,2.0
9445876,8177199,1.0
9445876,8262372,1.0
9445876,9747418,4.0
9445876,9927082,1.0
9445876,10958210,1.0
9445876,11144258,5.0
9445876,11193510,1.0
9445876,12299621,14.0
9445876,12745771,4.0
9445876,12948470,2.0
9445876,14333371,2.0
9445876,15766806,6.0
9445876,16045758,1.0
9445876,16089743,2.0
9445876,16442113,3.0
9445876,17420035,1.0
9445876,19611917,6.0
9447255,2797480,1.0
9447255,4635057,1.0
9447255,4636432,1.0
9447255,5938794,4.0
9447255,6494274,1.0
9447255,8276782,1.0
9447255,8340950,1.0
9447255,8398900,1.0
9447255,8542422,1.0
9447255,8884212,1.0
9447255,9983417,1.0
9447255,10540188,6.0
9447255,10875625,2.0
9447255,11004239,15.0
9447255,11178891,1.0
9447255,11257084,3.0
9447255,11703922,6.0
9447255,12476851,8.0
9447255,12839441,2.0
9447255,12840470,1.0
9447255,13206239,3.0
9447255,14133114,1.0
9447255,14333495,3.0
9447255,14461238,1.0
9447255,16045758,1.0
9447255,16386470,2.0
9447255,16868923,2.0
9447255,17147698,2.0
9447255,18566501,6.0
9527522,4473922,6.0
9527522,9083312,1.0
9527522,9141404,1.0
9527522,11409587,1.0
9527522,11600886,1.0
9527522,12475432,4.0
9527522,14082322,1.0
9527522,14133114,2.0
9527522,14313750,1.0
9527522,14540633,5.0
9527522,15825861,1.0
9527522,16475849,1.0
9527522,16823703,2.0
9527522,17013073,2.0
9527522,18062678,1.0
9567051,2568465,5.0
9567051,3450751,1.0
9567051,3486381,1.0
9567051,4422289,1.0
9567051,4721538,15.0
9567051,5938794,6.0
9567051,8347613,3.0
9567051,8542422,2.0
9567051,8884212,5.0
9567051,9940382,16.0
9567051,10540188,1.0
9567051,11004239,14.0
9567051,11257084,6.0
9567051,11703922,15.0
9567051,12476851,16.0
9567051,12839441,5.0
9567051,12840470,2.0
9567051,13206239,1.0
9567051,14133114,6.0
9567051,14319185,2.0
9567051,14333495,3.0
9567051,16045758,1.0
9567051,17147698,7.0
9567051,19611917,1.0
9589146,2797480,3.0
9589146,4607160,1.0
9589146,4780707,2.0
9589146,5963873,2.0
9589146,6494382,5.0
9589146,8347613,9.0
9589146,9447255,2.0
9589146,10540188,3.0
9589146,10702736,1.0
9589146,11348509,14.0
9589146,12336493,1.0
9589146,12840470,1.0
9589146,14319185,1.0
9589146,15766806,1.0
9589146,16848475,1.0
9589146,17962513,1.0
9747418,2204467,2.0
9747418,4279887,12.0
9747418,4926999,3.0
9747418,5118060,1.0
9747418,5289042,2.0
9747418,5938794,7.0
9747418,7187384,2.0
9747418,8262372,9.0
9747418,9445876,11.0
9747418,9927082,1.0
9747418,9983417,2.0
9747418,10540188,2.0
9747418,11123016,1.0
9747418,12745771,3.0
9747418,12948470,3.0
9747418,14461238,1.0
9747418,16098538,4.0
9747418,17420035,1.0
9747418,19611917,5.0
9787933,2439134,1.0
9787933,6451332,1.0
9787933,7026287,1.0
9787933,8118947,1.0
9787933,9078240,1.0
9787933,11013351,2.0
9787933,11409587,1.0
9787933,11703922,1.0
9787933,13206239,1.0
9787933,14540633,1.0
9787933,17176767,2.0
9787933,17176781,1.0
9787933,18062678,1.0
9848760,2439134,1.0
9848760,3946364,1.0
9848760,4228119,1.0
9848760,4391317,1.0
9848760,9078240,9.0
9848760,9141404,3.0
9848760,9409359,15.0
9848760,9527522,1.0
9848760,10543751,1.0
9848760,11004239,1.0
9848760,11329998,4.0
9848760,11600886,1.0
9848760,12475432,7.0
9848760,12840470,1.0
9848760,14000746,4.0
9848760,14082322,1.0
9848760,14451162,1.0
9848760,14540633,3.0
9848760,15741865,1.0
9848760,16475849,3.0
9848760,16823703,3.0
9848760,16868923,10.0
9848760,17013073,5.0
9848760,18062678,2.0
9848760,19271710,3.0
9927082,2204467,1.0
9927082,4637677,1.0
9927082,5118060,1.0
9927082,8118929,1.0
9927082,9747418,2.0
9927082,11144258,1.0
9927082,14461238,1.0
9927082,16087799,2.0
9927082,16098538,1.0
9927082,17047087,3.0
9927082,17962513,2.0
9927082,19611917,3.0
9940382,8340950,1.0
9940382,8347613,11.0
9940382,8542422,1.0
9940382,9567051,24.0
9940382,12476851,1.0
9940382,14319185,1.0
9983417,2439134,1.0
9983417,4473922,1.0
9983417,5874480,2.0
9983417,7026287,1.0
9983417,8118947,2.0
9983417,9078240,1.0
9983417,11600886,1.0
9983417,11703922,1.0
9983417,12138418,1.0
9983417,12299621,2.0
9983417,12475432,2.0
9983417,13197236,1.0
9983417,13199414,2.0
9983417,13206239,3.0
9983417,14540633,2.0
9983417,15766806,1.0
9983417,16089743,1.0
9983417,16442113,1.0
9983417,16475849,1.0
9983417,16823703,2.0
9983417,17013073,1.0
9983417,17016974,2.0
10018260,3712893,1.0
10018260,4422289,1.0
10018260,4721538,1.0
10018260,7388340,2.0
10018260,8069365,2.0
10018260,8340950,1.0
10018260,8884212,3.0
10018260,10540188,1.0
10018260,10955244,1.0
10018260,11011058,1.0
10018260,11257084,1.0
10018260,14760757,3.0
10018260,14818307,1.0
10018260,16978882,1.0
10241716,8118929,2.0
10241716,8700125,21.0
10241716,16087799,3.0
10241716,17414715,18.0
10540188,2439134,3.0
10540188,4391317,3.0
10540188,4422289,7.0
10540188,4635057,2.0
10540188,4637677,1.0
10540188,4780707,3.0
10540188,5118060,3.0
10540188,6494274,1.0
10540188,7092086,1.0
10540188,7582412,1.0
10540188,8069478,1.0
10540188,8177199,12.0
10540188,8203947,11.0
10540188,8262372,2.0
10540188,8293958,3.0
10540188,8398900,1.0
10540188,9445876,1.0
10540188,9567051,6.0
10540188,9589146,1.0
10540188,9747418,1.0
10540188,9983417,7.0
10540188,10018260,7.0
10540188,10955244,1.0
10540188,10958210,3.0
10540188,11123016,1.0
10540188,11543212,1.0
10540188,12138418,7.0
10540188,12476851,3.0
10540188,12745771,2.0
10540188,12840470,2.0
10540188,14461238,1.0
10540188,16978882,6.0
10540188,17047087,2.0
10540188,18566501,8.0
10543751,4473922,1.0
10543751,8118947,6.0
10543751,9083312,6.0
10543751,9141404,10.0
10543751,9527522,5.0
10543751,9848760,1.0
10543751,10702736,1.0
10543751,11017761,3.0
10543751,11018254,7.0
10543751,11257084,2.0
10543751,11600886,7.0
10543751,12840470,1.0
10543751,14000746,2.0
10543751,14133114,2.0
10543751,14313750,12.0
10543751,14540633,3.0
10543751,15741865,6.0
10543751,16475849,2.0
10543751,16823703,4.0
10543751,17016974,11.0
10596949,2797480,1.0
10596949,5936935,3.0
10596949,9083312,8.0
10596949,9409359,2.0
10596949,10702736,1.0
10596949,11017761,2.0
10596949,11871574,8.0
10596949,14329745,4.0
10596949,14617508,2.0
10596949,16444544,8.0
10596949,16445073,7.0
10596949,17334530,1.0
10702736,5936935,1.0
10702736,9141404,2.0
10702736,10596949,14.0
10702736,11017761,5.0
10702736,14329745,12.0
10702736,14342744,14.0
10702736,14617508,13.0
10702736,14723506,1.0
10702736,17334530,5.0
10797407,2439134,2.0
10797407,3794023,2.0
10797407,3928652,2.0
10797407,6597872,1.0
10797407,14760757,14.0
10797407,16442113,4.0
10797407,16848475,2.0
10797407,17176767,5.0
10797407,17176781,2.0
10797407,19271710,3.0
10875625,2797480,1.0
10875625,5746180,1.0
10875625,10596949,4.0
10875625,11348509,5.0
10875625,16444544,2.0
10875625,16445073,2.0
10955244,5938794,1.0
10955244,7582412,1.0
10955244,12840470,2.0
10958210,2439134,3.0
10958210,3946364,13.0
10958210,4391317,1.0
10958210,4636432,4.0
10958210,7582412,2.0
10958210,9445876,1.0
10958210,11144258,2.0
10958210,11193510,4.0
10958210,14818307,2.0
10958210,16045758,2.0
10958210,16442113,2.0
10958210,17244655,1.0
11004239,7582489,1.0
11004239,8069478,3.0
11004239,8111135,1.0
11004239,8177199,3.0
11004239,9409359,5.0
11004239,10543751,1.0
11004239,10702736,3.0
11004239,11257084,6.0
11004239,16978882,2.0
11004239,18644088,1.0
11011058,5321459,1.0
11011058,8118947,3.0
11011058,9083312,6.0
11011058,9141404,1.0
11011058,9409359,3.0
11011058,9527522,5.0
11011058,10702736,1.0
11011058,11017761,2.0
11011058,11257084,2.0
11011058,11600886,1.0
11011058,12475432,2.0
11011058,15741865,1.0
11011058,16475849,1.0
11013351,6597872,1.0
11013351,11409587,1.0
11013351,12475432,7.0
11013351,13197236,5.0
11013351,13199414,1.0
11013351,17176767,3.0
11013351,17176781,2.0
11017761,2797480,2.0
11017761,5936935,3.0
11017761,5938794,2.0
11017761,7026287,1.0
11017761,9141404,15.0
11017761,9409359,11.0
11017761,10596949,3.0
11017761,10702736,2.0
11017761,11257084,3.0
11017761,11600886,8.0
11017761,11703922,1.0
11017761,11871574,3.0
11017761,12138418,1.0
11017761,14000746,1.0
11017761,14313750,1.0
11017761,14329745,3.0
11017761,14342744,19.0
11017761,14617508,17.0
11017761,14651659,1.0
11017761,15766806,1.0
11017761,16442113,1.0
11017761,16444544,2.0
11017761,16445073,2.0
11017761,16868923,1.0
11017761,17016974,22.0
11017761,17334530,21.0
11017761,18062678,4.0
11018254,6143930,3.0
11018254,9848760,1.0
11018254,12475432,3.0
11018254,14313750,4.0
11018254,15568333,1.0
11018254,16823703,1.0
11018254,16848475,3.0
11018254,17096642,2.0
11018254,17176767,1.0
11018254,17176781,1.0
11018254,19271710,5.0
11123016,4279887,5.0
11123016,4391317,2.0
11123016,4636432,1.0
11123016,4926999,1.0
11123016,5118060,2.0
11123016,5938794,1.0
11123016,8262372,6.0
11123016,8293958,3.0
11123016,8340950,1.0
11123016,8398900,1.0
11123016,9447255,1.0
11123016,9747418,1.0
11123016,10540188,1.0
11123016,11543212,2.0
11123016,12138418,2.0
11123016,12476851,1.0
11123016,12745771,2.0
11123016,14333371,1.0
11144258,2439134,1.0
11144258,3946364,3.0
11144258,4391317,2.0
11144258,9445876,2.0
11144258,10958210,7.0
11144258,11193510,6.0
11144258,11703922,1.0
11144258,12299621,1.0
11144258,13199414,2.0
11144258,13206239,1.0
11144258,14333371,3.0
11144258,14461238,1.0
11144258,14818307,1.0
11144258,15766806,2.0
11144258,16045758,1.0
11144258,16089743,1.0
11178891,2797480,1.0
11178891,4279887,1.0
11178891,4607160,3.0
11178891,4780707,1.0
11178891,5289042,2.0
11178891,5938794,1.0
11178891,7582489,1.0
11178891,8069478,8.0
11178891,8884212,1.0
11178891,9567051,1.0
11178891,10543751,7.0
11178891,10702736,2.0
11178891,10958210,3.0
11178891,11004239,17.0
11178891,11257084,1.0
11178891,11605861,2.0
11178891,11703922,7.0
11178891,12336493,1.0
11178891,12476851,9.0
11178891,12839441,6.0
11178891,13206239,1.0
11178891,14461238,1.0
11178891,15766806,9.0
11178891,16848475,1.0
11193510,2439134,2.0
11193510,3928574,1.0
11193510,3946364,15.0
11193510,4391317,6.0
11193510,4636432,1.0
11193510,7582412,5.0
11193510,9983417,1.0
11193510,10958210,6.0
11193510,11144258,4.0
11193510,14818307,5.0
11193510,16442113,1.0
11216417,8177199,1.0
11216417,11257084,12.0
11216417,12138418,6.0
11216417,16444552,2.0
11216417,16978882,9.0
11257084,5963873,4.0
11257084,7026287,1.0
11257084,9015745,2.0
11257084,9083312,7.0
11257084,9141404,13.0
11257084,9409359,6.0
11257084,9527522,9.0
11257084,10543751,4.0
11257084,10702736,3.0
11257084,11011058,1.0
11257084,11017761,17.0
11257084,11600886,4.0
11257084,14000746,5.0
11257084,15741865,11.0
11257084,16386470,2.0
11257084,16442113,1.0
11257084,16978882,2.0
11257084,17016974,30.0
11329998,2797480,1.0
11329998,10596949,2.0
11329998,14617508,1.0
11329998,17334530,1.0
11348509,9083312,1.0
11348509,9409359,1.0
11348509,14723506,2.0
11348509,14760757,2.0
11348509,16475849,4.0
11348509,19271710,1.0
11409587,6597872,1.0
11409587,9527522,1.0
11409587,9848760,2.0
11409587,15568333,1.0
11409587,16475849,10.0
11409587,16823703,19.0
11409587,16848475,1.0
11409587,16868923,1.0
11409587,17013073,11.0
11543212,2439134,6.0
11543212,3712893,5.0
11543212,4279887,3.0
11543212,4391317,2.0
11543212,4422289,12.0
11543212,4635057,1.0
11543212,4926999,2.0
11543212,5118060,3.0
11543212,5938794,2.0
11543212,6494274,1.0
11543212,6494382,3.0
11543212,7092086,1.0
11543212,7388340,2.0
11543212,8111135,1.0
11543212,8177199,15.0
11543212,8203947,8.0
11543212,8262372,8.0
11543212,8884212,2.0
11543212,10018260,1.0
11543212,10540188,18.0
11543212,10543751,1.0
11543212,10955244,6.0
11543212,10958210,16.0
11543212,11144258,1.0
11543212,11178891,1.0
11543212,11193510,11.0
11543212,11605861,9.0
11543212,11703922,1.0
11543212,12138418,6.0
11543212,12336493,1.0
11543212,12476851,1.0
11543212,12745771,5.0
11543212,12839441,1.0
11543212,12840470,22.0
11543212,13206239,1.0
11543212,14333371,7.0
11543212,14461238,2.0
11543212,14818307,2.0
11543212,15825861,4.0
11543212,16045758,2.0
11543212,16089743,2.0
11543212,16848475,10.0
11543212,18566501,2.0
11600886,4391317,1.0
11600886,7026287,3.0
11600886,9141404,5.0
11600886,11871574,5.0
11600886,13197236,1.0
11600886,16475849,1.0
11600886,17016974,10.0
11600886,18062678,2.0
11605861,2797480,1.0
11605861,4422289,6.0
11605861,8069478,3.0
11605861,8177199,1.0
11605861,8203947,13.0
11605861,8276782,1.0
11605861,10018260,5.0
11605861,10543751,1.0
11605861,10875625,1.0
11605861,11011058,2.0
11605861,11216417,9.0
11605861,12138418,2.0
11605861,12839441,2.0
11605861,14133114,1.0
11605861,14617508,2.0
11605861,15825861,1.0
11605861,16445073,2.0
11605861,16978882,1.0
11605861,18644088,1.0
11703922,2439134,5.0
11703922,4228119,2.0
11703922,4391317,1.0
11703922,4473922,4.0
11703922,5874480,6.0
11703922,7026287,3.0
11703922,8118947,2.0
11703922,9078240,2.0
11703922,9083312,1.0
11703922,9141404,5.0
11703922,9445876,1.0
11703922,9527522,2.0
11703922,9983417,1.0
11703922,11013351,10.0
11703922,11018254,11.0
11703922,11409587,1.0
11703922,11600886,3.0
11703922,12138418,3.0
11703922,12299621,1.0
11703922,13197236,11.0
11703922,14313750,7.0
11703922,14540633,2.0
11703922,15343835,1.0
11703922,15568333,1.0
11703922,15825861,1.0
11703922,16089743,1.0
11703922,16442113,5.0
11703922,16444552,1.0
11703922,16475849,7.0
11703922,16868923,1.0
11703922,17013073,1.0
11703922,17047087,1.0
11703922,18062678,14.0
11871574,4473922,4.0
12138418,2439134,1.0
12138418,4228119,1.0
12138418,5321459,2.0
12138418,5874480,1.0
12138418,5938794,1.0
12138418,6494274,1.0
12138418,7026287,11.0
12138418,7582489,1.0
12138418,7952981,1.0
12138418,8034919,3.0
12138418,8262372,1.0
12138418,9078240,3.0
12138418,9083312,1.0
12138418,9141404,9.0
12138418,9447255,1.0
12138418,9747418,1.0
12138418,9983417,2.0
12138418,10540188,2.0
12138418,11013351,4.0
12138418,11017761,3.0
12138418,11018254,15.0
12138418,11257084,4.0
12138418,11543212,1.0
12138418,11600886,22.0
12138418,11703922,3.0
12138418,12299621,1.0
12138418,12475432,1.0
12138418,12840470,1.0
12138418,13197236,8.0
12138418,14000746,25.0
12138418,14082322,4.0
12138418,14313750,17.0
12138418,14319185,5.0
12138418,14333495,2.0
12138418,15343835,2.0
12138418,15741865,2.0
12138418,15766806,1.0
12138418,15825861,1.0
12138418,16089743,6.0
12138418,16386470,1.0
12138418,16444552,2.0
12138418,16475849,2.0
12138418,16848475,1.0
12138418,17013073,3.0
12138418,17016974,12.0
12138418,17047087,1.0
12138418,18062678,5.0
12299621,2439134,3.0
12299621,4473922,10.0
12299621,5874480,1.0
12299621,8034919,2.0
12299621,9078240,2.0
12299621,9083312,6.0
12299621,9445876,1.0
12299621,11013351,6.0
12299621,11018254,6.0
12299621,11144258,1.0
12299621,11409587,1.0
12299621,11703922,1.0
12299621,12475432,1.0
12299621,14000746,1.0
12299621,14082322,2.0
12299621,14313750,8.0
12299621,14540633,7.0
12299621,15568333,1.0
12299621,15766806,1.0
12299621,16089743,1.0
12299621,16444552,1.0
12299621,16475849,3.0
12299621,16823703,16.0
12299621,16868923,2.0
12299621,17013073,1.0
12299621,18062678,1.0
12336493,2439134,3.0
12336493,2797480,1.0
12336493,4279887,1.0
12336493,4391317,2.0
12336493,4607160,6.0
12336493,4636432,2.0
12336493,4780707,3.0
12336493,5118060,5.0
12336493,8293958,10.0
12336493,9747418,1.0
12336493,10955244,1.0
12336493,10958210,4.0
12336493,11004239,5.0
12336493,11193510,1.0
12336493,11703922,3.0
12336493,12745771,6.0
12336493,12839441,2.0
12336493,14333371,1.0
12336493,16089743,3.0
12336493,17420035,3.0
12336493,19611917,5.0
12475432,4134539,1.0
12475432,6597872,1.0
12475432,7187384,9.0
12475432,8118947,1.0
12475432,8262372,8.0
12475432,9015745,1.0
12475432,9078240,1.0
12475432,9983417,1.0
12475432,13197236,1.0
12475432,14082322,21.0
12475432,14451162,1.0
12475432,15568333,1.0
12475432,16444552,2.0
12475432,16475849,1.0
12475432,16823703,2.0
12475432,16868923,7.0
12475432,17013073,6.0
12475432,17096642,1.0
12475432,19271710,1.0
12476851,4279887,1.0
12476851,4422289,12.0
12476851,4721538,1.0
12476851,5118060,1.0
12476851,5938794,2.0
12476851,6494274,2.0
12476851,6494382,2.0
12476851,8177199,1.0
12476851,8203947,4.0
12476851,8262372,14.0
12476851,8293958,2.0
12476851,8704079,1.0
12476851,9447255,2.0
12476851,9567051,1.0
12476851,9747418,2.0
12476851,10018260,1.0
12476851,10540188,9.0
12476851,10955244,3.0
12476851,10958210,1.0
12476851,11123016,2.0
12476851,11193510,6.0
12476851,11257084,1.0
12476851,11348509,1.0
12476851,11543212,1.0
12476851,12138418,25.0
12476851,12840470,8.0
12476851,14319185,1.0
12476851,15825861,4.0
12476851,18566501,1.0
12745771,3946364,2.0
12745771,4279887,4.0
12745771,4391317,1.0
12745771,4635057,1.0
12745771,4780707,1.0
12745771,4926999,5.0
12745771,5118060,9.0
12745771,5289042,10.0
12745771,5938794,7.0
12745771,7582412,4.0
12745771,8118929,1.0
12745771,8262372,2.0
12745771,9445876,16.0
12745771,9747418,4.0
12745771,11123016,2.0
12745771,11144258,11.0
12745771,12138418,3.0
12745771,12948470,2.0
12745771,14461238,1.0
12745771,16087799,2.0
12745771,16098538,5.0
12745771,19611917,7.0
12839441,2568465,1.0
12839441,3486381,1.0
12839441,4279887,1.0
12839441,4422289,1.0
12839441,4607160,1.0
12839441,4721538,1.0
12839441,5938794,1.0
12839441,6494274,1.0
12839441,7187384,1.0
12839441,8069365,3.0
12839441,8111135,1.0
12839441,8177199,2.0
12839441,8276782,1.0
12839441,8542422,1.0
12839441,8884212,1.0
12839441,9447255,1.0
12839441,9567051,3.0
12839441,10018260,1.0
12839441,10540188,1.0
12839441,10543751,7.0
12839441,11004239,4.0
12839441,11178891,1.0
12839441,11216417,1.0
12839441,11257084,7.0
12839441,11543212,1.0
12839441,11605861,2.0
12839441,11703922,1.0
12839441,12138418,2.0
12839441,12840470,2.0
12839441,14319185,2.0
12839441,14333495,4.0
12839441,15825861,1.0
12839441,17147698,4.0
12840470,2379529,2.0
12840470,2439134,2.0
12840470,4391317,2.0
12840470,4422289,3.0
12840470,4637677,2.0
12840470,4926999,5.0
12840470,5118060,12.0
12840470,6494274,1.0
12840470,7092086,1.0
12840470,8177199,1.0
12840470,8203947,3.0
12840470,8340950,1.0
12840470,8398900,2.0
12840470,10018260,1.0
12840470,10540188,2.0
12840470,10955244,3.0
12840470,10958210,10.0
12840470,11123016,1.0
12840470,11144258,1.0
12840470,11193510,4.0
12840470,11543212,1.0
12840470,12476851,4.0
12840470,12745771,2.0
12840470,14451162,4.0
12840470,14461238,1.0
12840470,14818307,8.0
12840470,16848475,1.0
12840470,16978882,1.0
12948470,3946364,2.0
12948470,4279887,1.0
12948470,4635057,3.0
12948470,4926999,1.0
12948470,5118060,1.0
12948470,5289042,1.0
12948470,5938794,3.0
12948470,7187384,5.0
12948470,7582412,10.0
12948470,7582489,5.0
12948470,8177199,1.0
12948470,9445876,37.0
12948470,9747418,3.0
12948470,11123016,2.0
12948470,11144258,4.0
12948470,12745771,27.0
12948470,14333371,1.0
12948470,14461238,1.0
12948470,19611917,26.0
13197236,6597872,2.0
13197236,11013351,2.0
13197236,12475432,6.0
13197236,13199414,2.0
13197236,17176767,2.0
13199414,6597872,2.0
13199414,9848760,3.0
13199414,10797407,2.0
13199414,12475432,22.0
13199414,13197236,1.0
13199414,14451162,2.0
13199414,16868923,1.0
13199414,17176767,2.0
13206239,4228119,2.0
13206239,4473922,1.0
13206239,5963873,1.0
13206239,7582489,2.0
13206239,9078240,8.0
13206239,9983417,4.0
13206239,11013351,3.0
13206239,11018254,8.0
13206239,11409587,1.0
13206239,11600886,9.0
13206239,12299621,3.0
13206239,13197236,13.0
13206239,14000746,1.0
13206239,14082322,1.0
13206239,14313750,1.0
13206239,15568333,4.0
13206239,15741865,1.0
13206239,15766806,5.0
13206239,16475849,5.0
13206239,16823703,2.0
13206239,16868923,10.0
13206239,17013073,2.0
13206239,17047087,4.0
14000746,7026287,6.0
14000746,16475849,1.0
14082322,2439134,3.0
14082322,4228119,4.0
14082322,4391317,4.0
14082322,4473922,9.0
14082322,5321459,15.0
14082322,5874480,14.0
14082322,5938794,3.0
14082322,8034919,5.0
14082322,8118947,1.0
14082322,8262372,1.0
14082322,9078240,2.0
14082322,9141404,9.0
14082322,9409359,6.0
14082322,9848760,1.0
14082322,10543751,3.0
14082322,10702736,1.0
14082322,11013351,5.0
14082322,11018254,24.0
14082322,11257084,6.0
14082322,11409587,5.0
14082322,11600886,18.0
14082322,11703922,3.0
14082322,12138418,5.0
14082322,12299621,4.0
14082322,13197236,14.0
14082322,14000746,46.0
14082322,14133114,2.0
14082322,14313750,16.0
14082322,14540633,28.0
14082322,15568333,7.0
14082322,15741865,26.0
14082322,15766806,3.0
14082322,15825861,2.0
14082322,16089743,4.0
14082322,16386470,3.0
14082322,16442113,1.0
14082322,16444552,8.0
14082322,16475849,4.0
14082322,16868923,1.0
14082322,17013073,1.0
14082322,17016974,26.0
14082322,17176767,1.0
14082322,18062678,32.0
14133114,4228119,2.0
14133114,4391317,1.0
14133114,4473922,21.0
14133114,7026287,1.0
14133114,8118947,9.0
14133114,8262372,1.0
14133114,8542422,1.0
14133114,9527522,1.0
14133114,14000746,1.0
14133114,14082322,1.0
14133114,14313750,1.0
14133114,14540633,21.0
14133114,18062678,12.0
14313750,9848760,1.0
14313750,11018254,4.0
14313750,11329998,1.0
14313750,14760757,1.0
14313750,15568333,1.0
14313750,16848475,13.0
14313750,17176767,2.0
14313750,17176781,1.0
14313750,19271710,2.0
14319185,2797480,2.0
14319185,3450751,1.0
14319185,4134539,1.0
14319185,4422289,3.0
14319185,4433960,1.0
14319185,4607160,1.0
14319185,5689639,1.0
14319185,5746180,3.0
14319185,6494382,6.0
14319185,7187384,1.0
14319185,7388340,4.0
14319185,8069478,1.0
14319185,8111135,2.0
14319185,8203947,18.0
14319185,8340950,1.0
14319185,8542422,1.0
14319185,8884212,1.0
14319185,9015745,3.0
14319185,9447255,1.0
14319185,10018260,5.0
14319185,10540188,3.0
14319185,10875625,16.0
14319185,11004239,3.0
14319185,11123016,1.0
14319185,11216417,6.0
14319185,11257084,1.0
14319185,11703922,3.0
14319185,12476851,8.0
14319185,12839441,1.0
14319185,12840470,4.0
14319185,13206239,10.0
14319185,14333495,5.0
14319185,14461238,1.0
14319185,15343835,1.0
14319185,17147698,1.0
14319185,18566501,5.0
14329745,11600886,1.0
14329745,17016974,1.0
14333371,2439134,5.0
14333371,3928574,1.0
14333371,3928652,3.0
14333371,3946364,3.0
14333371,4607160,1.0
14333371,4636432,3.0
14333371,4637677,1.0
14333371,4780707,1.0
14333371,5118060,1.0
14333371,5938794,2.0
14333371,7582489,4.0
14333371,8118929,1.0
14333371,9078240,6.0
14333371,9445876,5.0
14333371,9983417,1.0
14333371,10958210,1.0
14333371,11144258,2.0
14333371,11193510,1.0
14333371,12138418,2.0
14333371,14818307,6.0
14333371,16045758,2.0
14333371,16087799,1.0
14333371,16442113,1.0
14333371,17047087,1.0
14333495,2568465,1.0
14333495,2797480,3.0
14333495,3450751,1.0
14333495,4422289,1.0
14333495,4433960,1.0
14333495,8203947,5.0
14333495,8276782,2.0
14333495,8542422,1.0
14333495,9409359,15.0
14333495,9447255,1.0
14333495,11004239,1.0
14333495,11257084,24.0
14333495,11348509,1.0
14333495,12476851,7.0
14333495,12839441,1.0
14333495,14082322,1.0
14333495,14133114,2.0
14333495,14319185,14.0
14333495,14617508,8.0
14333495,15825861,1.0
14333495,16978882,1.0
14333495,17334530,5.0
14342744,9141404,1.0
14342744,9409359,1.0
14451162,8118947,1.0
14451162,9078240,2.0
14451162,9083312,2.0
14451162,12475432,2.0
14451162,16475849,1.0
14451162,16868923,1.0
14461238,2379529,1.0
14461238,3928652,1.0
14461238,7582412,1.0
14461238,10958210,1.0
14461238,16045758,1.0
14461238,16089743,1.0
14461238,16098538,2.0
14461238,17047087,1.0
14461238,17420035,2.0
14461238,19611917,1.0
14540633,4228119,2.0
14540633,4473922,2.0
14540633,5938794,1.0
14540633,8034919,1.0
14540633,8118947,1.0
14540633,9083312,2.0
14540633,9527522,2.0
14540633,11600886,1.0
14540633,13197236,1.0
14540633,16868923,2.0
14540633,17013073,3.0
14540633,17176767,1.0
14540633,18062678,2.0
14617508,2797480,3.0
14617508,5936935,4.0
14617508,9141404,4.0
14617508,9409359,2.0
14617508,10702736,7.0
14617508,11017761,8.0
14617508,11348509,1.0
14617508,11871574,33.0
14617508,14329745,9.0
14617508,14342744,11.0
14617508,14651659,9.0
14617508,14723506,1.0
14617508,16445073,2.0
14617508,17334530,20.0
14651659,2797480,1.0
14651659,11871574,1.0
14651659,16444544,1.0
14723506,2797480,1.0
14723506,5936935,1.0
14723506,7026287,1.0
14723506,10596949,2.0
14723506,10702736,2.0
14723506,11348509,4.0
14723506,11871574,1.0
14723506,14651659,1.0
14756000,5689639,1.0
14756000,5936935,1.0
14760757,2439134,1.0
14760757,3794023,1.0
14760757,3946364,1.0
14760757,8034919,1.0
14760757,10797407,12.0
14760757,11018254,1.0
14760757,16442113,3.0
14760757,17176767,3.0
14760757,17176781,1.0
14760757,19271710,7.0
14818307,7388340,1.0
14818307,10018260,5.0
14818307,11348509,1.0
14818307,13199414,1.0
14818307,15343835,1.0
14818307,16848475,1.0
15343835,2439134,2.0
15343835,4228119,4.0
15343835,4391317,1.0
15343835,4607160,1.0
15343835,5321459,1.0
15343835,5874480,3.0
15343835,5938794,2.0
15343835,5963873,2.0
15343835,7026287,2.0
15343835,8034919,2.0
15343835,9078240,2.0
15343835,9083312,1.0
15343835,9527522,6.0
15343835,9787933,1.0
15343835,11013351,4.0
15343835,11018254,7.0
15343835,11600886,2.0
15343835,11703922,2.0
15343835,12138418,2.0
15343835,13197236,5.0
15343835,13206239,1.0
15343835,14000746,6.0
15343835,14313750,6.0
15343835,14540633,1.0
15343835,15568333,2.0
15343835,16386470,2.0
15343835,16442113,1.0
15343835,16475849,14.0
15343835,16823703,6.0
15343835,16868923,1.0
15343835,17016974,1.0
15343835,17047087,3.0
15568333,2439134,1.0
15568333,5321459,1.0
15568333,5963873,1.0
15568333,7582489,1.0
15568333,8034919,2.0
15568333,8118947,2.0
15568333,9015745,4.0
15568333,9078240,15.0
15568333,9083312,1.0
15568333,9409359,2.0
15568333,9787933,1.0
15568333,11013351,3.0
15568333,11017761,5.0
15568333,11018254,2.0
15568333,11409587,1.0
15568333,11600886,1.0
15568333,11703922,1.0
15568333,12138418,1.0
15568333,13197236,6.0
15568333,14082322,3.0
15568333,14313750,1.0
15568333,14540633,1.0
15568333,15343835,1.0
15568333,15741865,5.0
15568333,16475849,18.0
15568333,16823703,12.0
15568333,16868923,8.0
15568333,16978882,1.0
15568333,17013073,2.0
15568333,17016974,1.0
15568333,17047087,3.0
15568333,18062678,2.0
15568333,19271710,1.0
15741865,4228119,2.0
15741865,4391317,1.0
15741865,5321459,1.0
15741865,5963873,1.0
15741865,7026287,1.0
15741865,9141404,6.0
15741865,9527522,3.0
15741865,10543751,2.0
15741865,11011058,2.0
15741865,11017761,1.0
15741865,11257084,1.0
15741865,11600886,3.0
15741865,14000746,6.0
15741865,14540633,1.0
15741865,15343835,1.0
15741865,16475849,1.0
15766806,2439134,3.0
15766806,4228119,3.0
15766806,4391317,1.0
15766806,5321459,1.0
15766806,5938794,1.0
15766806,7026287,2.0
15766806,8034919,2.0
15766806,8118947,2.0
15766806,9015745,2.0
15766806,9078240,2.0
15766806,9083312,2.0
15766806,9141404,3.0
15766806,9983417,4.0
15766806,10543751,1.0
15766806,11013351,1.0
15766806,11017761,6.0
15766806,11018254,15.0
15766806,11409587,1.0
15766806,11600886,13.0
15766806,12138418,5.0
15766806,12299621,2.0
15766806,12475432,11.0
15766806,13197236,1.0
15766806,14000746,6.0
15766806,14082322,1.0
15766806,14313750,26.0
15766806,14451162,1.0
15766806,14540633,2.0
15766806,15568333,1.0
15766806,15825861,1.0
15766806,16089743,3.0
15766806,16444552,6.0
15766806,16475849,5.0
15766806,16868923,7.0
15766806,17013073,1.0
15766806,17016974,15.0
15766806,17047087,9.0
15766806,17176767,1.0
15766806,18062678,2.0
15825861,2439134,1.0
15825861,4473922,2.0
15825861,5874480,2.0
15825861,8034919,1.0
15825861,8118947,8.0
15825861,9083312,1.0
15825861,9527522,3.0
15825861,11017761,1.0
15825861,11409587,1.0
15825861,11600886,1.0
15825861,11703922,1.0
15825861,12475432,2.0
15825861,13197236,1.0
15825861,14000746,1.0
15825861,14082322,1.0
15825861,15568333,3.0
15825861,15741865,3.0
15825861,16089743,2.0
15825861,16442113,2.0
15825861,16475849,1.0
15825861,16823703,1.0
15825861,16868923,6.0
15825861,17013073,2.0
15825861,17016974,1.0
16045758,3928574,1.0
16045758,3928652,1.0
16045758,3946364,1.0
16045758,4780707,4.0
16045758,8118929,1.0
16045758,8177199,1.0
16045758,9078240,1.0
16045758,10955244,1.0
16045758,10958210,2.0
16045758,11144258,1.0
16045758,11193510,1.0
16045758,11703922,2.0
16045758,16087799,2.0
16045758,17047087,2.0
16045758,17962513,1.0
16045758,19611917,1.0
16087799,4637677,2.0
16087799,4780707,1.0
16087799,5118060,1.0
16087799,7582412,2.0
16087799,8118929,3.0
16087799,9445876,3.0
16087799,9747418,2.0
16087799,11123016,1.0
16087799,11144258,3.0
16087799,12948470,1.0
16087799,14461238,1.0
16087799,16045758,1.0
16087799,17047087,3.0
16087799,19611917,1.0
16089743,3946364,1.0
16089743,7026287,1.0
16089743,7388340,1.0
16089743,7582489,1.0
16089743,9015745,1.0
16089743,9141404,3.0
16089743,9527522,1.0
16089743,10543751,1.0
16089743,11017761,10.0
16089743,11018254,17.0
16089743,11329998,1.0
16089743,11600886,21.0
16089743,11703922,1.0
16089743,12138418,1.0
16089743,13197236,2.0
16089743,13206239,2.0
16089743,14000746,16.0
16089743,14313750,9.0
16089743,14540633,2.0
16089743,15343835,1.0
16089743,15568333,1.0
16089743,15741865,6.0
16089743,15766806,3.0
16089743,15825861,2.0
16089743,16442113,2.0
16089743,17016974,13.0
16089743,17047087,2.0
16089743,18062678,2.0
16098538,4780707,1.0
16098538,5874480,1.0
16098538,13199414,4.0
16098538,15766806,1.0
16386470,2439134,1.0
16386470,4228119,1.0
16386470,5321459,1.0
16386470,5874480,2.0
16386470,5963873,1.0
16386470,9141404,19.0
16386470,10543751,2.0
16386470,10702736,1.0
16386470,11017761,2.0
16386470,11018254,4.0
16386470,11600886,7.0
16386470,12138418,2.0
16386470,13197236,2.0
16386470,14000746,4.0
16386470,14082322,5.0
16386470,14313750,2.0
16386470,15741865,3.0
16386470,16444552,1.0
16386470,16868923,1.0
16386470,17016974,28.0
16386470,17047087,4.0
16386470,18062678,1.0
16442113,2439134,2.0
16442113,4228119,1.0
16442113,4473922,2.0
16442113,5874480,2.0
16442113,5938794,4.0
16442113,7026287,1.0
16442113,8118947,3.0
16442113,9141404,1.0
16442113,9527522,2.0
16442113,9848760,1.0
16442113,9983417,1.0
16442113,10543751,2.0
16442113,11013351,10.0
16442113,11018254,15.0
16442113,11600886,14.0
16442113,11703922,3.0
16442113,12138418,3.0
16442113,12299621,1.0
16442113,13197236,13.0
16442113,14000746,7.0
16442113,14082322,1.0
16442113,14313750,5.0
16442113,14333495,1.0
16442113,15343835,5.0
16442113,15568333,2.0
16442113,15741865,1.0
16442113,16089743,3.0
16442113,16386470,1.0
16442113,16444552,1.0
16442113,16475849,5.0
16442113,16823703,1.0
16442113,16868923,1.0
16442113,17016974,6.0
16442113,17047087,1.0
16442113,18062678,17.0
16444544,9083312,1.0
16444544,9141404,8.0
16444544,9409359,3.0
16444544,9447255,1.0
16444544,10702736,1.0
16444544,11017761,6.0
16444544,11871574,1.0
16444544,14133114,1.0
16444544,14329745,9.0
16444544,14342744,1.0
16444544,14617508,2.0
16444544,16445073,2.0
16444552,11216417,16.0
16444552,12138418,10.0
16444552,12839441,1.0
16444552,16978882,1.0
16445073,2797480,1.0
16445073,5936935,3.0
16445073,9083312,5.0
16445073,9141404,12.0
16445073,9409359,4.0
16445073,10596949,3.0
16445073,11017761,9.0
16445073,14329745,10.0
16445073,14342744,3.0
16445073,14617508,3.0
16445073,16444544,3.0
16445073,17334530,1.0
16475849,2439134,2.0
16475849,4228119,2.0
16475849,4473922,2.0
16475849,5321459,2.0
16475849,5938794,1.0
16475849,5963873,1.0
16475849,8034919,1.0
16475849,8118947,1.0
16475849,9083312,2.0
16475849,9141404,2.0
16475849,9848760,5.0
16475849,10543751,2.0
16475849,11017761,1.0
16475849,11018254,1.0
16475849,11409587,1.0
16475849,11600886,5.0
16475849,12475432,1.0
16475849,13206239,1.0
16475849,14133114,1.0
16475849,14313750,2.0
16475849,14540633,4.0
16475849,15343835,1.0
16475849,15568333,2.0
16475849,16089743,1.0
16475849,16442113,1.0
16475849,16444552,1.0
16475849,16823703,10.0
16475849,16868923,1.0
16475849,17013073,2.0
16475849,17016974,3.0
16475849,18062678,2.0
16475849,19271710,1.0
16823703,2439134,5.0
16823703,4228119,2.0
16823703,4473922,1.0
16823703,5321459,1.0
16823703,5938794,1.0
16823703,8034919,3.0
16823703,8118947,3.0
16823703,9078240,4.0
16823703,9141404,4.0
16823703,9527522,2.0
16823703,9848760,1.0
16823703,9983417,1.0
16823703,10543751,4.0
16823703,11600886,2.0
16823703,12138418,1.0
16823703,13197236,1.0
16823703,13206239,1.0
16823703,14000746,2.0
16823703,14082322,1.0
16823703,14133114,1.0
16823703,14313750,3.0
16823703,14540633,2.0
16823703,15343835,2.0
16823703,15568333,1.0
16823703,15766806,1.0
16823703,15825861,2.0
16823703,16442113,2.0
16823703,16475849,12.0
16823703,17013073,1.0
16823703,17016974,1.0
16823703,18062678,4.0
16823703,19271710,2.0
16848475,6143930,3.0
16848475,11018254,1.0
16848475,11329998,4.0
16848475,11409587,3.0
16848475,12138418,1.0
16848475,12475432,5.0
16848475,14313750,2.0
16848475,16089743,1.0
16848475,17013073,1.0
16848475,19271710,1.0
16868923,4473922,4.0
16868923,8118947,3.0
16868923,9141404,4.0
16868923,9848760,2.0
16868923,11600886,2.0
16868923,12475432,2.0
16868923,13199414,1.0
16868923,14000746,1.0
16868923,14313750,2.0
16868923,14540633,4.0
16868923,15568333,1.0
16868923,16475849,2.0
16868923,16823703,4.0
16868923,17013073,2.0
16868923,17016974,1.0
16978882,8069478,1.0
16978882,8118947,1.0
16978882,9015745,3.0
16978882,9083312,2.0
16978882,17016974,1.0
17013073,2439134,2.0
17013073,4391317,1.0
17013073,4473922,6.0
17013073,5321459,1.0
17013073,5874480,1.0
17013073,5938794,1.0
17013073,5963873,1.0
17013073,7026287,1.0
17013073,8034919,2.0
17013073,8118947,17.0
17013073,9078240,4.0
17013073,9141404,11.0
17013073,11013351,3.0
17013073,11017761,1.0
17013073,11018254,11.0
17013073,11600886,13.0
17013073,12138418,2.0
17013073,12299621,3.0
17013073,12475432,1.0
17013073,13197236,2.0
17013073,13206239,3.0
17013073,14000746,3.0
17013073,14313750,2.0
17013073,14540633,2.0
17013073,15568333,1.0
17013073,15741865,11.0
17013073,15766806,2.0
17013073,15825861,3.0
17013073,16089743,3.0
17013073,16386470,2.0
17013073,16442113,2.0
17013073,16475849,4.0
17013073,16823703,2.0
17013073,16868923,9.0
17013073,17016974,1.0
17013073,18062678,2.0
17013073,19271710,1.0
17016974,4228119,1.0
17016974,4391317,2.0
17016974,5321459,1.0
17016974,5938794,1.0
17016974,7026287,17.0
17016974,10543751,1.0
17016974,11013351,1.0
17016974,11017761,1.0
17016974,11600886,5.0
17016974,11703922,2.0
17016974,11871574,5.0
17016974,14329745,11.0
17016974,14451162,1.0
17016974,16823703,2.0
17016974,18062678,1.0
17047087,2439134,2.0
17047087,3946364,1.0
17047087,4228119,1.0
17047087,5321459,2.0
17047087,5874480,1.0
17047087,5938794,1.0
17047087,7026287,2.0
17047087,7582489,2.0
17047087,9015745,1.0
17047087,9078240,1.0
17047087,9141404,4.0
17047087,9787933,2.0
17047087,9983417,1.0
17047087,11329998,2.0
17047087,11600886,15.0
17047087,12299621,3.0
17047087,13197236,6.0
17047087,13206239,2.0
17047087,14082322,1.0
17047087,14451162,1.0
17047087,14540633,1.0
17047087,15741865,5.0
17047087,15766806,4.0
17047087,16089743,1.0
17047087,16386470,8.0
17047087,16475849,4.0
17047087,18062678,1.0
17096642,2439134,1.0
17096642,7582489,2.0
17096642,9983417,1.0
17096642,11013351,1.0
17096642,11409587,2.0
17096642,12475432,1.0
17096642,13199414,9.0
17096642,15568333,2.0
17147698,5938794,2.0
17147698,8203947,2.0
17147698,8276782,1.0
17147698,8398900,1.0
17147698,9447255,1.0
17147698,10875625,8.0
17147698,11004239,4.0
17147698,11178891,1.0
17147698,11257084,2.0
17147698,12476851,10.0
17147698,12839441,13.0
17147698,12840470,2.0
17147698,14133114,1.0
17147698,14319185,2.0
17176767,2439134,1.0
17176767,5874480,2.0
17176767,6597872,4.0
17176767,8118947,1.0
17176767,9083312,3.0
17176767,9527522,2.0
17176767,9848760,2.0
17176767,11013351,2.0
17176767,11409587,1.0
17176767,11703922,1.0
17176767,12299621,2.0
17176767,12475432,5.0
17176767,13197236,2.0
17176767,16442113,1.0
17176767,16823703,3.0
17176767,16848475,2.0
17176767,17176781,1.0
17176781,2439134,1.0
17176781,6597872,1.0
17176781,8034919,2.0
17176781,9078240,1.0
17176781,9083312,2.0
17176781,11013351,1.0
17176781,11703922,1.0
17176781,12475432,6.0
17176781,14451162,2.0
17176781,16442113,1.0
17176781,16444552,1.0
17176781,16475849,1.0
17176781,17176767,2.0
17244655,2439134,1.0
17244655,4637677,1.0
17244655,4780707,2.0
17244655,7582412,6.0
17244655,10955244,1.0
17244655,10958210,1.0
17244655,11144258,2.0
17244655,14818307,1.0
17244655,16098538,9.0
17244655,16442113,2.0
17244655,17420035,2.0
17244655,19611917,1.0
17334530,5936935,4.0
17334530,9083312,1.0
17334530,9141404,1.0
17334530,9409359,5.0
17334530,10596949,1.0
17334530,10702736,2.0
17334530,11017761,5.0
17334530,11871574,21.0
17334530,14329745,5.0
17334530,14342744,3.0
17334530,14617508,13.0
17334530,14651659,2.0
17334530,16445073,1.0
17414715,2204467,15.0
17414715,4721538,6.0
17414715,7694589,8.0
17414715,7952981,31.0
17414715,8111135,40.0
17414715,8118929,15.0
17414715,8177199,3.0
17414715,8340950,29.0
17414715,8398900,30.0
17414715,8700125,53.0
17414715,9567051,36.0
17414715,9927082,10.0
17414715,9940382,1.0
17414715,16087799,18.0
17420035,2439134,1.0
17420035,4279887,1.0
17420035,4422289,2.0
17420035,4780707,2.0
17420035,5261424,1.0
17420035,7582412,2.0
17420035,8398900,1.0
17420035,10958210,1.0
17420035,12840470,1.0
17420035,14461238,3.0
17420035,16098538,4.0
17420035,17244655,1.0
17420035,17962513,1.0
17962513,2379529,1.0
17962513,3928574,1.0
17962513,3928652,2.0
17962513,4279887,1.0
17962513,4391317,1.0
17962513,4422289,1.0
17962513,4637677,1.0
17962513,5118060,1.0
17962513,5289042,1.0
17962513,7582489,3.0
17962513,8398900,2.0
17962513,9445876,2.0
17962513,9747418,1.0
17962513,9927082,1.0
17962513,11144258,3.0
17962513,11193510,2.0
17962513,11703922,1.0
17962513,12299621,6.0
17962513,14333371,1.0
17962513,14461238,1.0
17962513,16089743,6.0
17962513,16442113,2.0
17962513,17420035,1.0
17962513,19611917,2.0
18062678,2439134,1.0
18062678,7026287,2.0
18062678,9141404,2.0
18062678,9409359,1.0
18062678,9527522,1.0
18062678,11017761,5.0
18062678,11329998,1.0
18062678,11600886,4.0
18062678,12138418,1.0
18062678,15568333,2.0
18062678,15741865,1.0
18062678,16823703,2.0
18062678,17013073,1.0
18062678,17047087,1.0
18566501,2568465,2.0
18566501,4721538,1.0
18566501,8203947,1.0
18566501,8542422,3.0
18566501,8884212,8.0
18566501,9447255,5.0
18566501,10543751,1.0
18566501,11004239,1.0
18566501,11011058,4.0
18566501,11257084,2.0
18566501,12476851,2.0
18566501,12839441,1.0
18566501,12840470,1.0
18566501,14319185,4.0
18566501,14333495,1.0
18644088,4433960,2.0
18644088,4721538,1.0
18644088,8276782,1.0
18644088,9409359,13.0
18644088,10702736,3.0
18644088,11257084,6.0
18644088,11348509,3.0
18644088,14617508,7.0
18644088,16978882,3.0
18644088,17334530,2.0
19271710,2439134,2.0
19271710,8118947,1.0
19271710,9015745,1.0
19271710,9078240,1.0
19271710,9083312,2.0
19271710,9527522,2.0
19271710,9848760,2.0
19271710,11329998,1.0
19271710,12475432,6.0
19271710,14451162,2.0
19271710,15568333,1.0
19271710,15825861,1.0
19271710,16475849,2.0
19271710,16868923,1.0
19271710,17096642,2.0
19611917,2204467,1.0
19611917,4279887,3.0
19611917,4635057,1.0
19611917,4780707,1.0
19611917,4926999,10.0
19611917,5118060,4.0
19611917,5289042,7.0
19611917,5938794,1.0
19611917,7187384,2.0
19611917,7582412,9.0
19611917,8118929,1.0
19611917,8262372,3.0
19611917,9445876,10.0
19611917,9747418,5.0
19611917,9927082,3.0
19611917,9983417,1.0
19611917,10540188,1.0
19611917,11123016,1.0
19611917,11144258,8.0
19611917,12745771,5.0
19611917,12948470,2.0
19611917,16098538,3.0
19611917,17047087,1.0
19611917,17244655,1.0
19611917,17962513,1.0
