id,neuron_type,neurotransmitter,role,region,x,y,z
720575940599736492,visual,ACH,sensory,LA,227220.0,216884.0,139400.0
720575940602380768,unknown,GABA,inter,AMMC,371116.0,295740.0,122200.0
720575940602534112,unknown,unknown,motor-related,GNG,636396.0,339092.0,146240.0
720575940602879404,unknown,ACH,inter,SAD.AVLP,687428.0,293940.0,76760.0
720575940603533246,unknown,GABA,inter,AMMC,534496.0,356104.0,188200.0
720575940603636913,unknown,ACH,inter,SAD.WED,637780.0,260664.0,37120.0
720575940604783136,unknown,GABA,motor-related,GNG,438932.0,310064.0,205800.0
720575940605095346,unknown,GABA,inter,AVLP.SAD,532824.0,340704.0,205880.0
720575940605214636,unknown,GABA,inter,SAD,530092.0,354884.0,199960.0
720575940605676210,unknown,ACH,inter,WED.AVLP,370308.0,275060.0,124600.0
720575940605758142,ALLN,unknown,inter,AL,610920.0,236864.0,40000.0
720575940605781932,optic_lobe_intrinsic,GLUT,inter,ME,231052.0,196712.0,218920.0
720575940606111433,unknown,ACH,inter,AVLP,337244.0,276336.0,106000.0
720575940606126782,optic_lobe_intrinsic,ACH,inter,ME,185596.0,296016.0,175440.0
720575940606224318,AN,unknown,sensory,GNG,521172.0,317648.0,231920.0
720575940606633248,unknown,ACH,motor-related,GNG,405324.0,310864.0,178400.0
720575940607749077,unknown,ACH,inter,AVLP,699344.0,234264.0,56920.0
720575940607775106,unknown,ACH,inter,AVLP,702992.0,291440.0,71440.0
720575940608336514,unknown,GLUT,inter,AVLP,691028.0,189916.0,182600.0
720575940608431625,unknown,GABA,inter,AVLP,610680.0,205632.0,109240.0
720575940608615363,olfactory,SER,sensory,AL,617020.0,216468.0,18520.0
720575940608716809,unknown,ACH,motor-related,GNG,626740.0,322056.0,178440.0
720575940609073347,unknown,ACH,inter,WED.AVLP,690148.0,229540.0,85480.0
720575940609190866,Kenyon_Cell,ACH,inter,MB_CA.MB_PED,594592.0,118080.0,169080.0
720575940609260494,unknown,unknown,motor-related,GNG,639784.0,327096.0,121360.0
720575940609282825,ALLN,GABA,inter,AL,631744.0,256160.0,24000.0
720575940609387100,unknown,ACH,inter,AVLP,681632.0,294976.0,88760.0
720575940609522382,unknown,ACH,inter,AMMC.SAD,632640.0,289868.0,35040.0
720575940609633230,unknown,ACH,inter,LH,453080.0,260628.0,122320.0
720575940609673369,unknown,ACH,inter,AMMC.AVLP,408688.0,250336.0,73200.0
720575940609825033,unknown,ACH,inter,AVLP,325848.0,240544.0,101600.0
720575940609891886,ALPN,ACH,inter,AL.MB_CA,593624.0,251712.0,39680.0
720575940609957315,unknown,GABA,inter,GNG,627040.0,334944.0,127240.0
720575940610048981,ALPN,ACH,inter,AL.MB_CA,463108.0,251600.0,17640.0
720575940610076206,unknown,GLUT,inter,IPS,539872.0,334464.0,208240.0
720575940610088883,unknown,GABA,inter,WED,640408.0,324664.0,112640.0
720575940610332024,unknown,ACH,inter,WED.AVLP,430076.0,225528.0,221800.0
720575940610348773,unknown,ACH,inter,AVLP,704948.0,265104.0,69520.0
720575940610450418,unknown,unknown,inter,GNG,535168.0,333952.0,210760.0
720575940610472131,optic_lobe_intrinsic,GLUT,inter,ME,243820.0,225656.0,178800.0
720575940610476145,unknown,GLUT,inter,GNG.IPS,539328.0,335296.0,212160.0
720575940610505006,unknown,ACH,motor-related,AVLP.SAD,640784.0,243464.0,201600.0
720575940610605747,unknown,GABA,inter,AMMC,403540.0,280204.0,125240.0
720575940610669042,unknown,GABA,inter,GNG,529076.0,328340.0,157880.0
720575940610677828,unknown,GABA,motor-related,GNG,410932.0,306660.0,184200.0
720575940610679876,brain_motor_neuron,unknown,motor-related,GNG,405980.0,309988.0,103440.0
720575940610698052,unknown,ACH,inter,GNG.SLP,427248.0,240424.0,129400.0
720575940611343054,Kenyon_Cell,ACH,inter,MB_CA.MB_VL,620144.0,173740.0,143760.0
720575940611503509,unknown,GABA,inter,LH,712340.0,187552.0,110640.0
720575940611531986,unknown,ACH,motor-related,GNG,408644.0,312744.0,126480.0
720575940611644529,unknown,ACH,motor-related,AVLP.GNG,626396.0,209888.0,202600.0
720575940611756723,unknown,SER,motor-related,GNG,610512.0,350624.0,83760.0
720575940611772083,unknown,ACH,motor-related,GNG,417500.0,319972.0,124800.0
720575940611832018,visual,unknown,sensory,NO_CONS,180668.0,273548.0,147760.0
720575940611864243,unknown,ACH,inter,WED,640584.0,269204.0,35840.0
720575940611964330,optic_lobe_intrinsic,ACH,inter,LA.ME,823552.0,254624.0,127000.0
720575940612036837,unknown,GLUT,motor-related,GNG,498312.0,363268.0,133680.0
720575940612054425,unknown,ACH,inter,SAD.WED,630220.0,315860.0,181200.0
720575940612202419,unknown,ACH,inter,LH.SLP,713512.0,206752.0,92240.0
720575940612359343,unknown,GLUT,inter,SPS,487040.0,233888.0,217920.0
720575940612619431,unknown,unknown,inter,SLP.LH,714584.0,185864.0,110600.0
720575940612843634,optic_lobe_intrinsic,ACH,inter,ME,219532.0,193208.0,172520.0
720575940613074394,optic_lobe_intrinsic,GABA,inter,ME,240060.0,226672.0,217440.0
720575940613087218,unknown,ACH,inter,PVLP.AVLP,704908.0,192872.0,151520.0
720575940613099493,unknown,ACH,inter,AVLP,365388.0,154704.0,209360.0
720575940613183717,unknown,ACH,inter,AVLP,696984.0,160696.0,180880.0
720575940613527761,unknown,ACH,inter,GNG,456128.0,273856.0,218760.0
720575940613583001,MBIN,GABA,inter,MB_ML.MB_CA,630624.0,178964.0,159080.0
720575940613686674,olfactory,unknown,sensory,NO_CONS,625004.0,254360.0,24000.0
720575940613707431,unknown,ACH,inter,AVLP,701100.0,262588.0,87160.0
720575940613838289,unknown,ACH,motor-related,GNG.VES,633840.0,323088.0,170640.0
720575940614026390,unknown,GABA,inter,SAD.AMMC,663984.0,315744.0,108360.0
720575940614043699,LHLN,GLUT,inter,LH,713708.0,187692.0,110600.0
720575940614047026,unknown,GABA,inter,LH.SLP,712756.0,189248.0,110560.0
720575940614518690,unknown,ACH,inter,AVLP.ICL,707336.0,220796.0,57880.0
720575940614662517,unknown,ACH,inter,LH.SLP,723648.0,230336.0,101640.0
720575940614710509,unknown,GLUT,inter,AVLP.ME,747932.0,249748.0,153680.0
720575940614730914,unknown,ACH,motor-related,GNG,423192.0,303256.0,183480.0
720575940614815199,unknown,ACH,inter,GNG.IPS,623648.0,340992.0,128120.0
720575940614956072,ALLN,unknown,inter,AL,613108.0,278304.0,65520.0
720575940615000426,unknown,ACH,inter,LH.SMP,678460.0,166252.0,108920.0
720575940615219417,unknown,ACH,motor-related,SPS.IPS,514744.0,185024.0,201920.0
720575940615255993,ALPN,ACH,inter,AL.LH,638136.0,225312.0,22440.0
720575940615385798,unknown,GLUT,motor-related,GNG,432616.0,324248.0,172320.0
720575940615437983,LHLN,GABA,inter,LH,676812.0,198772.0,210560.0
720575940615528678,unknown,GABA,inter,PVLP,639648.0,205696.0,51960.0
720575940615537041,AN,ACH,sensory,GNG.AVLP,542948.0,338864.0,231920.0
720575940615541810,unknown,GABA,inter,SAD,434156.0,309364.0,105280.0
720575940615671106,unknown,ACH,motor-related,GNG,527880.0,370788.0,180720.0
720575940615684582,unknown,ACH,inter,IPS,615424.0,238848.0,210200.0
720575940615723314,unknown,ACH,inter,AVLP,698764.0,253856.0,57520.0
720575940615790658,unknown,GABA,inter,SAD.AMMC,639868.0,318784.0,102680.0
720575940615930299,unknown,GABA,inter,WED,647984.0,320096.0,107760.0
720575940615948610,unknown,ACH,inter,IPS,493772.0,303608.0,184800.0
720575940615957663,unknown,unknown,motor-related,IPS,553932.0,358960.0,199360.0
720575940616019899,unknown,ACH,inter,AVLP,712240.0,254804.0,56280.0
720575940616101789,unknown,ACH,inter,WED.SPS,641888.0,311932.0,62200.0
720575940616127931,unknown,ACH,inter,GNG.PLP,409584.0,170324.0,170080.0
720575940616169578,ALLN,unknown,inter,AL,457196.0,244336.0,62160.0
720575940616353675,unknown,ACH,motor-related,GNG,518360.0,371692.0,174000.0
720575940616450305,unknown,GLUT,inter,IPS.GNG,540672.0,338752.0,206960.0
720575940616486230,ALLN,GABA,inter,AL,608972.0,238340.0,40080.0
720575940616538944,unknown,GABA,inter,WED.SAD,365724.0,179060.0,224080.0
720575940616566133,ALPN,ACH,inter,AL.MB_CA,585375.0,245114.0,680.0
720575940616611001,unknown,ACH,inter,AVLP,341588.0,270776.0,115320.0
720575940616647029,optic_lobe_intrinsic,ACH,inter,ME,238688.0,197400.0,216480.0
720575940616695099,unknown,GLUT,inter,IPS.SPS,535872.0,331776.0,218640.0
720575940616891958,unknown,ACH,inter,LH.SLP,722944.0,212864.0,112760.0
720575940616993478,optic_lobe_intrinsic,GABA,inter,ME,243488.0,208000.0,259000.0
720575940617044948,unknown,ACH,inter,WED.AVLP,434804.0,234964.0,222280.0
720575940617258821,olfactory,unknown,sensory,AL,482348.0,273460.0,39480.0
720575940617321243,Kenyon_Cell,ACH,inter,MB_CA,628776.0,174740.0,143760.0
720575940617371732,unknown,GABA,inter,WED.SAD,369588.0,184108.0,212720.0
720575940617470932,unknown,GLUT,inter,LH,711420.0,183464.0,110600.0
720575940617492821,unknown,GABA,inter,AVLP.PVLP,652692.0,227332.0,37120.0
720575940617493460,unknown,ACH,inter,LH.SLP,728608.0,200512.0,112280.0
720575940617530525,unknown,GABA,inter,VES,450016.0,282112.0,87920.0
720575940617560838,optic_lobe_intrinsic,GABA,inter,ME,212924.0,182264.0,225800.0
720575940617568697,unknown,ACH,motor-related,GNG,525668.0,367180.0,161280.0
720575940617570008,unknown,GABA,inter,LH,713120.0,185688.0,110560.0
720575940617571997,unknown,ACH,inter,LH.AVLP,707852.0,203168.0,92280.0
720575940617917760,ALPN,ACH,inter,AL.LH,588124.0,250924.0,2400.0
720575940618089851,unknown,ACH,inter,WED.AVLP,642256.0,263780.0,28680.0
720575940618129573,unknown,ACH,inter,WED.AVLP,328964.0,225432.0,110600.0
720575940618198721,Kenyon_Cell,ACH,inter,MB_CA.MB_ML,639400.0,169356.0,143760.0
720575940618259269,AN,ACH,sensory,GNG.AVLP,524640.0,335040.0,231920.0
720575940618263174,unknown,GABA,inter,WED.AMMC,426348.0,324960.0,104360.0
720575940618342966,unknown,GABA,inter,WED,531460.0,325868.0,207080.0
720575940618382529,unknown,ACH,motor-related,IPS.SPS,508596.0,190716.0,205400.0
720575940618574749,unknown,ACH,motor-related,GNG,432080.0,334168.0,92200.0
720575940618694484,visual,unknown,sensory,NO_CONS,201012.0,229032.0,148480.0
720575940618827910,unknown,unknown,motor-related,SPS.GNG,443364.0,333812.0,184080.0
720575940618932763,unknown,GLUT,inter,AVLP,652228.0,223588.0,104880.0
720575940618969758,unknown,ACH,inter,AVLP,680608.0,241856.0,37520.0
720575940619090785,Kenyon_Cell,ACH,inter,MB_CA.MB_VL,623344.0,174752.0,143760.0
720575940619109915,unknown,ACH,inter,AVLP,682208.0,247232.0,107880.0
720575940619130096,unknown,ACH,inter,AVLP,693416.0,295388.0,69840.0
720575940619173592,unknown,ACH,inter,LH.SLP,723136.0,211424.0,105840.0
720575940619185462,optic_lobe_intrinsic,ACH,inter,ME,221488.0,193996.0,165920.0
720575940619188577,unknown,ACH,inter,AVLP,333748.0,207516.0,111040.0
720575940619191966,unknown,GLUT,motor-related,GNG,552712.0,333424.0,168040.0
720575940619197366,LHLN,GABA,inter,LH,716336.0,185044.0,110600.0
720575940619315888,unknown,unknown,motor-related,IPS,517224.0,204268.0,201200.0
720575940619329957,unknown,GABA,inter,SAD,648216.0,324352.0,116000.0
720575940619420838,unknown,ACH,inter,LH.SMP,715616.0,139360.0,108680.0
720575940619530187,unknown,ACH,motor-related,GNG,646320.0,341364.0,148400.0
720575940619569835,unknown,GABA,inter,SAD,623856.0,213856.0,58800.0
720575940619729286,unknown,ACH,inter,AVLP,435124.0,235340.0,218480.0
720575940619984950,unknown,ACH,inter,GNG.IPS,613568.0,243712.0,215560.0
720575940620017261,unknown,ACH,motor-related,GNG,601796.0,357884.0,82600.0
720575940620068518,ALPN,ACH,inter,AL.MB_CA,406523.0,229272.0,67440.0
720575940620091294,unknown,GLUT,inter,SPS,478844.0,215504.0,186320.0
720575940620121223,unknown,GLUT,inter,LH.SLP,695740.0,164292.0,114600.0
720575940620124028,Kenyon_Cell,ACH,inter,MB_CA.MB_VL,624628.0,169832.0,143760.0
720575940620149469,mechanosensory,unknown,sensory,GNG,474516.0,363928.0,146520.0
720575940620183973,unknown,ACH,inter,WED.AVLP,651228.0,267940.0,133560.0
720575940620300308,unknown,ACH,motor-related,GNG,563892.0,359284.0,98200.0
720575940620304110,unknown,ACH,inter,SAD.WED,417864.0,293156.0,192080.0
720575940620537153,unknown,GABA,inter,GNG,524944.0,296184.0,236400.0
720575940620576609,unknown,ACH,inter,LH.SLP,723680.0,199680.0,79560.0
720575940620622452,unknown,ACH,inter,WED.AVLP,706488.0,226280.0,63240.0
720575940620714150,unknown,GABA,motor-related,GNG,540676.0,360812.0,193000.0
720575940620786431,unknown,ACH,inter,AVLP,345732.0,283908.0,122480.0
720575940620835327,unknown,GABA,inter,AVLP.SAD,514844.0,354516.0,207960.0
720575940620858606,unknown,ACH,inter,GNG.LAL,614120.0,241564.0,187080.0
720575940620866036,unknown,GABA,inter,WED.AMMC,407112.0,306492.0,124920.0
720575940620869717,unknown,ACH,inter,SPS.ME,549376.0,151008.0,180560.0
720575940620928647,AN,ACH,sensory,GNG,540044.0,333024.0,231920.0
720575940620943969,unknown,ACH,inter,AVLP,636804.0,251360.0,84200.0
720575940621000831,unknown,ACH,inter,AVLP,702072.0,256008.0,66440.0
720575940621065301,unknown,ACH,motor-related,GNG,412780.0,307840.0,193000.0
720575940621071203,Kenyon_Cell,ACH,inter,MB_CA.MB_ML,627404.0,166420.0,143760.0
720575940621148660,unknown,GABA,inter,WED,531824.0,300796.0,226720.0
720575940621242025,unknown,ACH,inter,SAD.WED,411940.0,253324.0,57680.0
720575940621268827,optic_lobe_intrinsic,GLUT,inter,ME,244276.0,204788.0,218280.0
720575940621277790,unknown,ACH,inter,AVLP,655636.0,210560.0,107400.0
720575940621292726,unknown,ACH,inter,PLP.SMP,692108.0,154872.0,181600.0
720575940621332833,visual,ACH,sensory,LA,106876.0,295776.0,183800.0
720575940621336852,unknown,GLUT,motor-related,GNG,565168.0,362536.0,94960.0
720575940621349797,optic_lobe_intrinsic,unknown,inter,LA,816720.0,237668.0,123240.0
720575940621457079,unknown,ACH,inter,WED,695408.0,165192.0,187360.0
720575940621504269,Kenyon_Cell,ACH,inter,MB_CA.MB_PED,630764.0,181272.0,143760.0
720575940621551854,ALLN,SER,inter,AL,594856.0,253408.0,46160.0
720575940621555603,unknown,ACH,inter,SAD.AVLP,706452.0,231140.0,60480.0
720575940621662332,unknown,GLUT,inter,FLA.SMP,545324.0,358140.0,99560.0
720575940621822043,unknown,GABA,inter,LH,712544.0,187680.0,110560.0
720575940621827419,unknown,ACH,inter,PRW.GNG,426128.0,305564.0,69160.0
720575940621835174,unknown,ACH,inter,GNG,414216.0,219400.0,200920.0
720575940621849015,unknown,ACH,inter,AVLP,333236.0,218184.0,105360.0
720575940621864965,Kenyon_Cell,ACH,inter,MB_CA.MB_ML,627748.0,165880.0,143760.0
720575940621875821,unknown,DA,inter,GNG,509184.0,363776.0,122080.0
720575940621902085,AN,GABA,sensory,GNG,530096.0,339492.0,231920.0
720575940621997034,unknown,GLUT,inter,IPS,551360.0,143904.0,164760.0
720575940622027222,unknown,GABA,motor-related,GNG,622416.0,342740.0,161200.0
720575940622027527,unknown,GLUT,inter,LH,715156.0,185328.0,110600.0
720575940622042373,unknown,ACH,inter,GNG,506944.0,342924.0,180560.0
720575940622139613,unknown,ACH,inter,LH.SLP,697616.0,186628.0,124000.0
720575940622188568,unknown,GABA,inter,SAD,379888.0,298704.0,128360.0
720575940622208695,unknown,ACH,inter,AVLP,702488.0,262700.0,87160.0
720575940622213953,LHLN,GABA,inter,SLP.LH,713620.0,187964.0,110640.0
720575940622257544,unknown,ACH,inter,IPS,576936.0,190468.0,182080.0
720575940622360358,olfactory,ACH,sensory,AL,472344.0,251580.0,20040.0
720575940622401462,unknown,GABA,inter,SAD.AMMC,416700.0,323204.0,105200.0
720575940622451197,optic_lobe_intrinsic,GLUT,inter,LA.ME,837708.0,251124.0,153880.0
720575940622473292,unknown,unknown,inter,GNG,476284.0,278204.0,133120.0
720575940622478349,unknown,ACH,motor-related,GNG,604828.0,358692.0,85000.0
720575940622485981,unknown,GABA,inter,AVLP,650872.0,223440.0,38320.0
720575940622510788,unknown,GABA,inter,SAD.AMMC,641040.0,320728.0,107480.0
720575940622574532,ALPN,ACH,inter,AL.MB_CA,639636.0,222484.0,37480.0
720575940622616333,unknown,GABA,inter,GNG.VES,480080.0,280024.0,127320.0
720575940622624214,unknown,ACH,inter,GNG,411456.0,310592.0,129840.0
720575940622657684,unknown,ACH,inter,WED.AVLP,440040.0,222264.0,214560.0
720575940622829132,optic_lobe_intrinsic,ACH,inter,ME,221448.0,192416.0,208720.0
720575940622890509,Kenyon_Cell,ACH,inter,MB_CA.MB_PED,619748.0,174328.0,143760.0
720575940622917381,unknown,ACH,inter,AVLP,626528.0,234016.0,202840.0
720575940622944196,unknown,ACH,motor-related,GNG,428928.0,323144.0,156800.0
720575940623051544,unknown,GLUT,inter,GNG,622752.0,337312.0,164440.0
720575940623090446,unknown,GABA,inter,SAD,370536.0,295908.0,127960.0
720575940623165965,AN,ACH,sensory,GNG.AVLP,537712.0,338132.0,231920.0
720575940623203805,unknown,GABA,inter,AVLP,630836.0,318492.0,69360.0
720575940623288467,unknown,ACH,inter,LH,711084.0,205468.0,92240.0
720575940623321638,unknown,ACH,inter,LH.SLP,697392.0,186688.0,124000.0
720575940623360440,unknown,GABA,inter,AVLP.SIP,675588.0,187956.0,105080.0
720575940623362698,unknown,GABA,inter,SAD,623924.0,221296.0,54560.0
720575940623412360,mechanosensory,unknown,sensory,AMMC,599464.0,306708.0,85920.0
720575940623426854,unknown,ACH,motor-related,GNG,467484.0,286732.0,217000.0
720575940623457535,brain_motor_neuron,unknown,motor-related,GNG,534444.0,296676.0,217040.0
720575940623465098,unknown,ACH,inter,LH,699644.0,182580.0,124000.0
720575940623478115,unknown,GABA,inter,GNG,423840.0,328928.0,151160.0
720575940623484100,unknown,GABA,inter,SAD.AMMC,384708.0,296344.0,124240.0
720575940623491987,unknown,ACH,motor-related,IPS.SAD,611344.0,342720.0,176960.0
720575940623528842,unknown,ACH,motor-related,SPS,548572.0,194896.0,195080.0
720575940623537485,unknown,ACH,motor-related,IPS.GNG,425584.0,320720.0,151720.0
720575940623579063,unknown,ACH,inter,AVLP.GNG,635248.0,177588.0,193520.0
720575940623650823,ALLN,unknown,inter,AL,610204.0,241544.0,40000.0
720575940623688119,unknown,GABA,inter,WED,390532.0,293684.0,127480.0
720575940623764967,unknown,ACH,inter,AVLP,683384.0,244896.0,35640.0
720575940623854276,AN,unknown,sensory,IPS,521252.0,319560.0,231920.0
720575940624126537,unknown,GABA,inter,SAD.AMMC,640056.0,318544.0,102680.0
720575940624134296,unknown,GABA,inter,WED.AMMC,374900.0,299188.0,133400.0
720575940624140424,unknown,GLUT,inter,ME.AVLP,686104.0,291452.0,116760.0
720575940624227661,unknown,ACH,inter,AVLP,697552.0,236316.0,50280.0
720575940624323110,unknown,ACH,inter,IPS.SPS,485576.0,222864.0,153480.0
720575940624330281,ALLN,unknown,inter,AL,610912.0,249828.0,15600.0
720575940624336647,unknown,GABA,inter,AVLP,563104.0,168704.0,179120.0
720575940624377323,unknown,ACH,inter,GNG.SLP,403408.0,247016.0,51880.0
720575940624432103,olfactory,unknown,sensory,NO_CONS,563924.0,206136.0,31840.0
720575940624437956,optic_lobe_intrinsic,GABA,inter,ME,212544.0,212764.0,195400.0
720575940624448956,unknown,GLUT,motor-related,GNG,480832.0,355872.0,101160.0
720575940624472334,unknown,ACH,inter,AVLP.ICL,670916.0,208872.0,39400.0
720575940624484796,unknown,ACH,motor-related,GNG,452636.0,353044.0,115440.0
720575940624504212,unknown,ACH,inter,SAD.AVLP,425368.0,325616.0,158480.0
720575940624527091,Kenyon_Cell,ACH,inter,MB_CA.MB_ML,635912.0,180388.0,143760.0
720575940624537284,unknown,ACH,motor-related,GNG,423572.0,296136.0,197600.0
720575940624574100,unknown,ACH,inter,AVLP.GOR,718484.0,231180.0,59320.0
720575940624789031,optic_lobe_intrinsic,GABA,inter,ME,221312.0,192416.0,173040.0
720575940624789652,AN,GABA,sensory,GNG,530176.0,336880.0,231920.0
720575940624816115,unknown,GABA,motor-related,GNG,426112.0,323728.0,175280.0
720575940624897516,unknown,GABA,motor-related,GNG,506164.0,366812.0,162440.0
720575940624943084,brain_motor_neuron,unknown,motor-related,GNG,478172.0,315284.0,208520.0
720575940624966840,unknown,GABA,inter,GNG,407680.0,309824.0,158120.0
720575940624977930,LHLN,GABA,inter,LH,716164.0,185400.0,110600.0
720575940624986407,unknown,GABA,inter,GNG,418132.0,320572.0,139520.0
720575940624986919,unknown,ACH,motor-related,IPS.GNG,416408.0,177588.0,74400.0
720575940625146122,unknown,ACH,inter,AMMC.AVLP,636816.0,272996.0,31520.0
720575940625182341,unknown,GLUT,motor-related,VES.GNG,411568.0,318692.0,146040.0
720575940625226506,unknown,GABA,inter,AVLP,651008.0,219052.0,37440.0
720575940625292606,Kenyon_Cell,ACH,inter,MB_CA.MB_PED,623864.0,179744.0,143760.0
720575940625339977,LHLN,GABA,inter,LH,712280.0,187948.0,110560.0
720575940625345328,unknown,GABA,inter,SAD,524588.0,335428.0,206760.0
720575940625377688,Kenyon_Cell,ACH,inter,MB_CA.MB_VL,629052.0,173216.0,143760.0
720575940625408333,unknown,ACH,inter,GNG,600128.0,323008.0,50800.0
720575940625440019,unknown,ACH,inter,IPS,577456.0,190380.0,182080.0
720575940625454162,AN,ACH,sensory,GNG,535060.0,336624.0,231920.0
720575940625561406,unknown,ACH,inter,IPS,482168.0,239236.0,154240.0
720575940625641402,unknown,ACH,motor-related,GNG,418680.0,304224.0,170760.0
720575940625653029,unknown_sensory,ACH,sensory,GNG,480032.0,333900.0,208080.0
720575940625681681,unknown,GLUT,inter,LH,701292.0,176536.0,118200.0
720575940625737776,unknown,GLUT,inter,GNG,425272.0,331060.0,107760.0
720575940625766960,unknown,ACH,inter,AVLP,702028.0,241572.0,55200.0
720575940625779642,unknown,ACH,inter,AVLP,715996.0,163780.0,113880.0
720575940625780836,unknown,ACH,inter,AVLP,339516.0,250120.0,104520.0
720575940625809539,AN,ACH,sensory,SAD.VES,528560.0,341196.0,226320.0
720575940625887631,unknown,GABA,inter,WED.AVLP,651568.0,322832.0,101600.0
720575940625898121,unknown,ACH,inter,LH.SLP,653616.0,150948.0,172880.0
720575940626002575,unknown,ACH,inter,AVLP,692500.0,250524.0,43960.0
720575940626052647,unknown,ACH,inter,WED.AVLP,332016.0,215820.0,110040.0
720575940626068569,unknown,GABA,motor-related,GNG.IPS,635488.0,341108.0,171360.0
720575940626118021,optic_lobe_intrinsic,ACH,inter,ME.LO,201824.0,198016.0,215640.0
720575940626243614,unknown,ACH,inter,AVLP.GOR,636320.0,229424.0,202880.0
720575940626246525,unknown,ACH,inter,PVLP,332076.0,213060.0,104760.0
720575940626279742,unknown,ACH,inter,GNG,482232.0,353580.0,135120.0
720575940626295562,unknown,ACH,inter,PVLP.AVLP,699968.0,275040.0,70360.0
720575940626326121,LHLN,unknown,inter,LH,715568.0,184972.0,110600.0
720575940626381882,unknown,GABA,inter,WED.AMMC,661112.0,312856.0,108000.0
720575940626482521,unknown,ACH,inter,LH.SMP,717280.0,143328.0,112000.0
720575940626524702,unknown,GLUT,motor-related,IPS.GNG,429760.0,324048.0,88880.0
720575940626592387,unknown,GABA,inter,SAD.AMMC,659944.0,318244.0,112560.0
720575940626792025,LHLN,GABA,inter,LH,713052.0,188136.0,110840.0
720575940626839464,mechanosensory,ACH,sensory,GNG,587460.0,376860.0,117880.0
720575940626887080,unknown,ACH,inter,PVLP.AVLP,341268.0,184420.0,136960.0
720575940626952537,unknown,GABA,inter,GNG,408288.0,305056.0,173960.0
720575940626977947,unknown,ACH,inter,PVLP,623016.0,275080.0,206880.0
720575940626993694,unknown,ACH,motor-related,GNG,426768.0,326696.0,176840.0
720575940627001637,unknown,unknown,motor-related,IPS,480316.0,277984.0,162360.0
720575940627015196,unknown,GABA,motor-related,GNG,511076.0,353388.0,195280.0
720575940627083397,unknown,ACH,inter,AVLP.PVLP,697204.0,287112.0,68360.0
720575940627088698,optic_lobe_intrinsic,GABA,inter,ME,242464.0,204316.0,221360.0
720575940627096957,unknown,GABA,inter,GNG,619880.0,344720.0,85480.0
720575940627111752,unknown,GABA,inter,AVLP,632800.0,218268.0,40520.0
720575940627174404,unknown,ACH,inter,AVLP,717840.0,213744.0,73520.0
720575940627184427,unknown,GLUT,inter,GNG.IPS,536864.0,336640.0,209000.0
720575940627218882,unknown,GABA,inter,WED.AMMC,373972.0,297340.0,123000.0
720575940627236629,unknown,unknown,inter,GNG,639308.0,326952.0,178120.0
720575940627263765,unknown,GLUT,inter,GNG.IPS,531520.0,333216.0,215840.0
720575940627290108,unknown,ACH,inter,PVLP.AVLP,702944.0,263008.0,64280.0
720575940627349860,unknown,SER,inter,AL,434092.0,254920.0,85480.0
720575940627372290,optic_lobe_intrinsic,GABA,inter,ME,216380.0,199892.0,201280.0
720575940627384049,unknown,ACH,inter,SLP.SMP,605892.0,95464.0,135280.0
720575940627469394,unknown,ACH,inter,SAD.GNG,410768.0,259432.0,79360.0
720575940627480586,ALPN,ACH,inter,AL.MB_CA,455879.0,278883.0,31840.0
720575940627490459,unknown,ACH,motor-related,AMMC,523040.0,329124.0,208840.0
720575940627585874,unknown,GABA,inter,SAD,384024.0,299540.0,133200.0
720575940627646026,unknown,GABA,inter,SAD,639620.0,320604.0,105560.0
720575940627782148,Kenyon_Cell,ACH,inter,MB_CA.MB_VL,629316.0,173588.0,143760.0
720575940627812168,unknown,ACH,motor-related,GNG,502784.0,364152.0,188880.0
720575940627848196,unknown,ACH,inter,AVLP.ICL,714568.0,244364.0,58880.0
720575940627939177,unknown,GABA,inter,SAD,381408.0,294368.0,130720.0
720575940627962844,unknown,ACH,inter,WED.AVLP,331644.0,210644.0,112240.0
720575940627982469,visual,ACH,sensory,LA,230852.0,193812.0,143480.0
720575940628014391,unknown,GABA,inter,SAD.AMMC,433728.0,336444.0,105920.0
720575940628033944,unknown,ACH,inter,AVLP,338720.0,245908.0,105960.0
720575940628065352,optic_lobe_intrinsic,ACH,inter,ME.LO,248736.0,202800.0,221640.0
720575940628125339,unknown,GABA,inter,WED,378816.0,299604.0,132280.0
720575940628125715,unknown,ACH,motor-related,GNG,423604.0,304972.0,188880.0
720575940628125775,unknown,ACH,inter,AVLP,330524.0,205092.0,114600.0
720575940628129129,unknown,GLUT,inter,GNG,399552.0,309504.0,156760.0
720575940628132745,unknown,ACH,motor-related,SPS.GNG,596056.0,194964.0,195440.0
720575940628200551,unknown,ACH,inter,PVLP.AVLP,708452.0,221396.0,63760.0
720575940628306114,unknown,GLUT,inter,GNG,511328.0,368928.0,177480.0
720575940628345610,unknown,ACH,motor-related,GNG,651240.0,333368.0,113320.0
720575940628370732,unknown,ACH,inter,WED,377664.0,163360.0,213880.0
720575940628378440,unknown,ACH,motor-related,GNG,522236.0,368488.0,169880.0
720575940628404227,unknown,ACH,inter,WED.AVLP,625348.0,238260.0,206400.0
720575940628441862,unknown,GLUT,motor-related,GNG,420428.0,321332.0,116080.0
720575940628478449,unknown,ACH,inter,GNG,470544.0,300168.0,105880.0
720575940628635751,AN,ACH,sensory,GNG.AVLP,554048.0,347384.0,209320.0
720575940628792323,LHLN,GLUT,inter,LH,712356.0,189156.0,112200.0
720575940628802888,unknown,GABA,inter,PVLP,687072.0,184908.0,194800.0
720575940628834151,unknown,GLUT,inter,IPS,471456.0,211168.0,226600.0
720575940628862268,unknown,ACH,inter,GNG.IPS,616832.0,273152.0,209320.0
720575940628882450,ALPN,ACH,inter,AL.LH,647032.0,232762.0,25200.0
720575940628891396,unknown,ACH,inter,VES.GNG,489600.0,224608.0,22280.0
720575940628934403,unknown,ACH,inter,LH.SLP,702624.0,171820.0,122920.0
720575940628954954,unknown,ACH,inter,GNG,413828.0,307756.0,109200.0
720575940628958711,mechanosensory,unknown,sensory,GNG,579264.0,364812.0,122320.0
720575940628998659,brain_motor_neuron,unknown,motor-related,GNG,414272.0,312640.0,134800.0
720575940629123454,unknown,GLUT,inter,IPS,469184.0,272692.0,159680.0
720575940629192975,unknown,GABA,inter,AVLP,650504.0,215404.0,40080.0
720575940629239934,unknown,GABA,inter,GNG.VES,507484.0,343012.0,178400.0
720575940629244154,unknown,GLUT,inter,SLP,691232.0,125376.0,163760.0
720575940629390123,unknown,ACH,motor-related,IPS,461664.0,182528.0,199040.0
720575940629428215,unknown,ACH,motor-related,VES.GNG,469640.0,187728.0,208240.0
720575940629584887,unknown,GABA,inter,SAD,390636.0,301752.0,137480.0
720575940629701737,unknown,GABA,inter,GNG,444808.0,349916.0,125000.0
720575940629837563,unknown,ACH,inter,GNG.SLP,644916.0,269564.0,35600.0
720575940629861163,unknown,GABA,inter,GNG.SLP,383928.0,168648.0,147320.0
720575940630037036,unknown,ACH,inter,LH.SMP,712704.0,139136.0,111600.0
720575940630064195,unknown,ACH,inter,GNG.SPS,625664.0,336704.0,115600.0
720575940630084352,unknown,ACH,inter,SLP.SMP,593252.0,89216.0,123200.0
720575940630086698,unknown,ACH,inter,AVLP,690428.0,231880.0,85480.0
720575940630095045,unknown,ACH,inter,AVLP,694820.0,286644.0,58200.0
720575940630160384,AN,ACH,sensory,SAD.VES,518348.0,350020.0,192560.0
720575940630162938,visual,ACH,sensory,LA,830748.0,247408.0,94400.0
720575940630164992,unknown,GABA,inter,GNG,577816.0,357488.0,73760.0
720575940630246364,unknown,GABA,inter,SAD.PVLP,633552.0,219924.0,45200.0
720575940630255813,unknown,ACH,inter,LH.SLP,726848.0,214208.0,93440.0
720575940630258003,unknown,GABA,inter,AVLP,405188.0,280340.0,117840.0
720575940630291767,unknown,GABA,motor-related,GNG,446336.0,341024.0,183480.0
720575940630311383,unknown,ACH,inter,AVLP.LO,722808.0,244116.0,65200.0
720575940630334658,unknown,unknown,motor-related,VES,433596.0,241696.0,85120.0
720575940630452388,Kenyon_Cell,ACH,inter,MB_CA.MB_VL,622768.0,172232.0,143760.0
720575940630580854,brain_motor_neuron,unknown,motor-related,GNG,462528.0,307392.0,56760.0
720575940630610554,optic_lobe_intrinsic,GLUT,inter,LA.ME,129076.0,305164.0,180720.0
720575940630712493,unknown,unknown,motor-related,GNG,447500.0,333540.0,187440.0
720575940630749523,unknown,GABA,inter,WED,398008.0,302484.0,132000.0
720575940630859791,unknown,ACH,inter,LH.SMP,701840.0,154928.0,110960.0
720575940630907434,unknown,ACH,inter,SAD,458128.0,171644.0,197160.0
720575940630909970,unknown,ACH,inter,LH.SLP,725056.0,204800.0,105120.0
720575940630934595,unknown,ACH,inter,AVLP,332488.0,267528.0,112880.0
720575940630937660,unknown,ACH,inter,IPS,527980.0,363864.0,202080.0
720575940631168057,unknown,GABA,motor-related,GNG,415192.0,315364.0,101400.0
720575940631254611,mechanosensory,unknown,sensory,NO_CONS,456308.0,373044.0,128400.0
720575940631328738,unknown,GABA,inter,WED.SAD,656488.0,317936.0,107320.0
720575940631447879,AN,ACH,sensory,GNG.VES,514936.0,349056.0,169640.0
720575940631469610,unknown,GABA,inter,SAD.AMMC,641764.0,318636.0,102680.0
720575940631705130,unknown,GLUT,motor-related,VES.GNG,514796.0,357720.0,167960.0
720575940631710604,unknown,GABA,inter,AVLP,720160.0,188652.0,105520.0
720575940631842360,unknown,GABA,inter,AVLP,727056.0,154288.0,111120.0
720575940631959097,unknown,ACH,motor-related,GNG,390092.0,307072.0,144400.0
720575940632043320,unknown,ACH,motor-related,AMMC.SAD,562968.0,342072.0,204000.0
720575940632043576,unknown,GABA,motor-related,GNG,532268.0,356308.0,171520.0
720575940632183121,LHLN,GABA,inter,LH,712860.0,187680.0,110680.0
720575940632295751,unknown,unknown,inter,GNG.FLA,511744.0,367584.0,186080.0
720575940632317997,unknown,GLUT,inter,IPS,599040.0,206560.0,217360.0
720575940632381536,unknown,GABA,inter,PVLP,609992.0,232680.0,136520.0
720575940632472850,unknown,ACH,motor-related,AVLP.GNG,612016.0,185316.0,200880.0
720575940632509711,unknown,GABA,inter,SAD.AMMC,668412.0,323904.0,107680.0
720575940632580503,unknown,ACH,inter,AVLP,333064.0,229896.0,106960.0
720575940632607935,AN,unknown,sensory,GNG,546748.0,314596.0,231920.0
720575940632648868,AN,ACH,sensory,GNG,545704.0,339692.0,232280.0
720575940632678099,AN,ACH,sensory,AVLP,499424.0,347340.0,251360.0
720575940632692051,LHLN,GABA,inter,LH,670556.0,211292.0,179320.0
720575940632722771,unknown,GABA,motor-related,GNG,440188.0,339380.0,97560.0
720575940632936332,unknown,unknown,inter,GNG,430912.0,334720.0,98280.0
720575940632985261,unknown,GABA,inter,SAD,655196.0,313048.0,112760.0
720575940632998136,unknown,GABA,inter,WED,396972.0,300196.0,125080.0
720575940632998591,LHLN,GABA,inter,LH,711888.0,189308.0,112160.0
720575940633165452,unknown,unknown,motor-related,SAD,599140.0,185764.0,183920.0
720575940633228172,unknown,ACH,motor-related,GNG,455492.0,353540.0,108600.0
720575940633293025,unknown,GABA,motor-related,GNG,410528.0,319032.0,138080.0
720575940633294796,ALLN,unknown,inter,AL,633696.0,242592.0,26720.0
720575940633316307,unknown,ACH,inter,GNG,578688.0,321216.0,43000.0
720575940633316563,unknown,ACH,inter,GNG.VES,424544.0,318496.0,126120.0
720575940633350812,unknown,GABA,inter,AVLP,664644.0,213280.0,197600.0
720575940633401199,unknown,GABA,inter,AMMC,371612.0,301352.0,134600.0
720575940633483444,unknown,GABA,inter,SAD.AMMC,666312.0,319156.0,103000.0
720575940633560545,Kenyon_Cell,ACH,inter,MB_CA.MB_PED,637804.0,167952.0,143760.0
720575940633714402,unknown,unknown,inter,SAD.AMMC,603968.0,342848.0,82400.0
720575940633936941,unknown,ACH,inter,LH.SLP,724160.0,216064.0,105520.0
720575940634023961,gustatory,unknown,sensory,GNG,552212.0,337388.0,112160.0
720575940634453093,unknown,ACH,inter,AMMC.AVLP,343972.0,252088.0,114440.0
720575940634464869,Kenyon_Cell,ACH,inter,MB_CA.MB_VL,630992.0,175596.0,143760.0
720575940634545890,ALLN,GABA,inter,AL,629796.0,248240.0,25400.0
720575940634704491,unknown,ACH,inter,AVLP,702440.0,283360.0,79160.0
720575940634710629,ALPN,ACH,inter,AL.LH,639868.0,230288.0,21720.0
720575940634751918,unknown,ACH,inter,AVLP,694060.0,290036.0,68560.0
720575940635059551,unknown,ACH,inter,LH.SIP,698416.0,156788.0,110400.0
720575940635330204,unknown,GABA,inter,AVLP,528764.0,349844.0,196600.0
720575940635468991,unknown,GABA,inter,LH,500892.0,164004.0,177920.0
720575940635604581,ALPN,ACH,inter,AL.LH,640761.0,233328.0,28040.0
720575940635749751,unknown,GABA,inter,WED.SAD,661160.0,314932.0,110360.0
720575940635831438,unknown,ACH,inter,WED,383432.0,156180.0,211360.0
720575940635863214,unknown,ACH,inter,AVLP,354680.0,150368.0,204080.0
720575940635898266,optic_lobe_intrinsic,ACH,inter,LA,223604.0,193056.0,169920.0
720575940635926335,unknown,ACH,inter,AVLP,326664.0,196844.0,121080.0
720575940635967886,unknown,ACH,inter,AVLP,646096.0,258120.0,95080.0
720575940636030185,unknown,GABA,inter,SAD.AMMC,664888.0,316376.0,104320.0
720575940636364133,Kenyon_Cell,ACH,inter,MB_CA.MB_ML,622508.0,178368.0,143760.0
720575940636475511,mechanosensory,unknown,sensory,NO_CONS,596296.0,303808.0,86400.0
720575940636552805,unknown,ACH,inter,GNG,488300.0,349740.0,90040.0
720575940636593550,unknown,GABA,inter,AVLP,726816.0,176192.0,110920.0
720575940636605530,Kenyon_Cell,ACH,inter,MB_CA.MB_ML,636512.0,172544.0,143760.0
720575940636871246,unknown,ACH,inter,AVLP,706956.0,291820.0,65400.0
720575940636879215,optic_lobe_intrinsic,GABA,inter,ME,235912.0,195768.0,202880.0
720575940637067888,unknown,GLUT,inter,LH,705540.0,171160.0,117640.0
720575940637218672,AN,unknown,sensory,GNG,537520.0,343020.0,190800.0
720575940637299172,unknown,ACH,inter,WED.AVLP,332340.0,219052.0,109960.0
720575940637300708,unknown,ACH,inter,LH.SIP,719416.0,138024.0,111760.0
720575940637308605,unknown,ACH,motor-related,IPS.GNG,507804.0,272492.0,51640.0
720575940637326967,unknown,ACH,inter,LH.SMP,716192.0,138464.0,112280.0
720575940637471039,unknown,GABA,inter,SAD.AMMC,420640.0,218196.0,79640.0
720575940637569870,unknown,ACH,inter,AVLP,685856.0,241152.0,42640.0
720575940637612974,unknown,ACH,motor-related,GNG,459368.0,360156.0,123400.0
720575940637755507,unknown,ACH,inter,AVLP,665128.0,225964.0,33480.0
720575940637949161,Kenyon_Cell,ACH,inter,MB_CA.MB_ML,619952.0,172180.0,143760.0
720575940637966682,unknown,ACH,inter,LH.SLP,709376.0,196512.0,109960.0
720575940638673478,unknown,GLUT,inter,LH,735040.0,156256.0,109080.0
720575940638803790,unknown,ACH,inter,GNG,639088.0,326120.0,168440.0
720575940639169597,mechanosensory,ACH,sensory,GNG,445800.0,287720.0,89920.0
720575940639553920,unknown,GABA,motor-related,GNG,597260.0,344452.0,61880.0
720575940639680957,ALPN,ACH,inter,AL.MB_CA,466172.0,242356.0,51440.0
720575940639789731,unknown,ACH,motor-related,IPS,539260.0,201020.0,192640.0
720575940640398477,ALPN,ACH,inter,AL.MB_CA,408333.0,226347.0,62560.0
720575940640469848,unknown,ACH,inter,GNG.FLA,541120.0,370720.0,177640.0
720575940640486488,unknown,GABA,motor-related,IPS.GNG,599748.0,349912.0,74080.0
720575940640589171,unknown,GABA,motor-related,GNG,435804.0,335828.0,80160.0
720575940640597237,unknown,GABA,inter,SAD.AVLP,418728.0,212828.0,76480.0
720575940640616253,unknown,ACH,inter,AVLP,604296.0,269868.0,113160.0
720575940640803200,ALLN,unknown,inter,AL,629180.0,250288.0,27240.0
720575940640935387,unknown,ACH,inter,SMP,679872.0,166300.0,108920.0
720575940640945115,unknown,ACH,inter,AVLP,682216.0,170056.0,191600.0
720575940640978048,unknown,ACH,motor-related,GNG,430576.0,321904.0,115920.0
720575940641263312,unknown,ACH,inter,IPS,577132.0,221472.0,184920.0
720575940641480949,unknown,ACH,motor-related,GNG,637960.0,317696.0,188480.0
720575940641585627,unknown,GLUT,inter,IPS.GNG,485188.0,346780.0,189720.0
720575940641629344,unknown,ACH,inter,AVLP,702540.0,229840.0,59440.0
720575940642449909,unknown,unknown,motor-related,GNG,406808.0,303348.0,166320.0
720575940643903904,mechanosensory,ACH,sensory,AMMC,628212.0,292136.0,43520.0
720575940644467360,unknown,ACH,motor-related,GNG,419232.0,302732.0,185560.0
720575940644607854,Kenyon_Cell,ACH,inter,MB_CA.CRE,639012.0,168432.0,143760.0
720575940644623396,unknown,ACH,inter,LH.SLP,711420.0,205664.0,92280.0
720575940644726432,brain_motor_neuron,unknown,motor-related,GNG,625472.0,329152.0,96920.0
720575940644758308,unknown,GABA,motor-related,GNG,493184.0,354336.0,191360.0
720575940645047831,unknown,ACH,motor-related,GNG,473440.0,332796.0,190160.0
720575940645352814,unknown,GLUT,motor-related,GNG,434716.0,323120.0,97880.0
720575940645497140,unknown,GABA,inter,SAD,375196.0,296976.0,130680.0
720575940646576436,ALLN,SER,inter,AL,592544.0,242720.0,43560.0
720575940647029044,unknown,GLUT,motor-related,GNG,551616.0,368800.0,159800.0
720575940647228468,unknown,ACH,motor-related,GNG,500220.0,325164.0,223040.0
720575940647755641,unknown,unknown,motor-related,IPS.GNG,425512.0,319852.0,170040.0
720575940648191876,unknown,GABA,inter,GNG,600480.0,355744.0,77920.0
720575940649809273,unknown,GABA,motor-related,GNG.SAD,562528.0,359156.0,193920.0
720575940651593974,unknown,GABA,inter,AMMC,373372.0,295044.0,127280.0
720575940654490785,unknown,GABA,inter,WED,654224.0,323624.0,108600.0
720575940659760769,unknown,GABA,inter,LH,715916.0,185088.0,110680.0
720575940659860609,unknown,ACH,inter,GNG,437152.0,318176.0,95520.0
720575940660224641,unknown,GABA,inter,GNG,475624.0,354356.0,107800.0
720575940660314241,unknown,GABA,inter,WED.AMMC,408812.0,291204.0,128240.0
720575940661335681,unknown,GABA,inter,GNG,495360.0,365888.0,172240.0
720575940661338497,brain_motor_neuron,unknown,motor-related,GNG,595328.0,314912.0,33040.0
720575940661339777,visual,unknown,sensory,NO_CONS,862404.0,221528.0,146160.0
